"d","id"
0.723613051036363,"x1"
-1.89901979696154,"x1"
-3.02313855538231,"x1"
-2.14258505803643,"x1"
0.00495728741909588,"x1"
-1.84998191701601,"x1"
-0.349876667572131,"x1"
-0.375404890247024,"x1"
1.28900883793091,"x1"
0.517573633634414,"x1"
0.21179104071509,"x1"
1.20525808567517,"x1"
-0.171499397314292,"x1"
1.0664404296441,"x1"
-0.338351723457342,"x1"
-0.759430610890471,"x1"
0.148128301337,"x1"
-1.39590984123833,"x1"
-1.18006108950944,"x1"
-0.00159263045015162,"x1"
0.806152371437192,"x1"
-0.0758539393268628,"x1"
-1.01958817352671,"x1"
0.23563593343287,"x1"
0.997993782646383,"x1"
0.579912791504972,"x1"
0.285652517389966,"x1"
0.977145310738394,"x1"
1.4090650995271,"x1"
2.2856607459867,"x1"
-1.05708702077603,"x1"
-0.244844510616506,"x1"
-0.76761008231914,"x1"
0.926980281661538,"x1"
0.759880997873474,"x1"
0.423019469006452,"x1"
-0.992385602936702,"x1"
0.582261396550249,"x1"
-0.732348309216544,"x1"
-0.685031260714285,"x1"
1.85465179888809,"x1"
-0.00866392727970522,"x1"
0.0348716755348172,"x1"
-0.532408541862731,"x1"
0.699025418011566,"x1"
1.22604145259218,"x1"
-0.551329784522541,"x1"
1.2250980851895,"x1"
1.5124175310264,"x1"
0.147613433616757,"x1"
-2.00353979946787,"x1"
-1.7990951819427,"x1"
-1.52682293329008,"x1"
1.84343287843081,"x1"
1.18004194622657,"x1"
1.18272781352894,"x1"
0.000977772263768056,"x1"
-0.633650137910578,"x1"
-0.49629429975343,"x1"
-1.93313078036619,"x1"
0.144270617710114,"x1"
-0.140291339606193,"x1"
0.189871030817304,"x1"
1.73836069536591,"x1"
1.76771072268347,"x1"
0.631684117094649,"x1"
-0.244295016659262,"x1"
-1.0953565074342,"x1"
0.200056633406422,"x1"
1.55573522246273,"x1"
-1.47770333648509,"x1"
0.567457835232912,"x1"
-1.12032817123767,"x1"
-1.58393411103752,"x1"
-0.972342784100325,"x1"
0.761110397584008,"x1"
-0.435357123108323,"x1"
0.157545945311695,"x1"
0.337527221196401,"x1"
0.594421219917918,"x1"
0.205309789337604,"x1"
1.60852421158892,"x1"
-0.454667468086112,"x1"
1.07125649753149,"x1"
0.339785502065912,"x1"
-0.433136985743576,"x1"
0.369660312185768,"x1"
-0.306070865419915,"x1"
-0.509902052303556,"x1"
-0.597370834306695,"x1"
-0.152209342472709,"x1"
0.29613680454589,"x1"
-0.373755577311574,"x1"
-1.73223215923226,"x1"
0.218727400608222,"x1"
-0.95433913805183,"x1"
-0.203627336843055,"x1"
1.5899768859894,"x1"
-0.386562166333939,"x1"
-0.309674638242069,"x1"
0.0882888787621091,"x1"
-0.02697026936379,"x1"
-0.789451485652486,"x1"
0.00841646890758909,"x1"
-0.00628867826987004,"x1"
-1.31105766127147,"x1"
-0.0039264350447847,"x1"
0.531985953799327,"x1"
-0.12997037245999,"x1"
0.387848999606858,"x1"
-1.185970489345,"x1"
1.5655721720789,"x1"
0.499402973511347,"x1"
1.5861346589261,"x1"
-0.797558727840745,"x1"
-0.401097897554325,"x1"
0.036673704656698,"x1"
0.661839339536416,"x1"
-1.98319278792507,"x1"
0.666777138833703,"x1"
0.654490790632723,"x1"
-0.730880775467959,"x1"
0.719005068444773,"x1"
-0.490241766061748,"x1"
0.633337143891896,"x1"
0.353883912075436,"x1"
-0.892606707540775,"x1"
-0.548630775747769,"x1"
-0.366560891466327,"x1"
-0.535982221827832,"x1"
-1.05845570481486,"x1"
-0.460952083679104,"x1"
-1.07078657348555,"x1"
0.382250303235732,"x1"
0.809229443019372,"x1"
-0.216564398048207,"x1"
0.950472322631614,"x1"
0.400031362938923,"x1"
0.0405111920203955,"x1"
-0.196486953793839,"x1"
0.384027314437369,"x1"
0.835461547050501,"x1"
0.779129721528839,"x1"
0.665248707582824,"x1"
2.12803973599923,"x1"
-0.0123002657601216,"x1"
0.527935186717741,"x1"
-0.20413980426233,"x1"
-0.897735542315659,"x1"
-1.40877285414422,"x1"
0.677499745543219,"x1"
0.244215214483243,"x1"
-0.122720287224876,"x1"
0.25181490320777,"x1"
0.180006165007393,"x1"
0.655448544441908,"x1"
-0.000738087018308615,"x1"
-0.259665000388954,"x1"
1.10732056313512,"x1"
1.25148934245155,"x1"
-0.586597953475292,"x1"
0.210371142201064,"x1"
0.481077270870309,"x1"
-1.07890424660131,"x1"
-0.687052527056158,"x1"
0.259526971750209,"x1"
-0.574111404342645,"x1"
-1.84927929524195,"x1"
1.27922179462027,"x1"
-0.093280302518575,"x1"
0.668030955998782,"x1"
-0.838736334941616,"x1"
0.0867201621374776,"x1"
-0.695911843461812,"x1"
-2.88394559309153,"x1"
-0.785320315145644,"x1"
-0.435437919020086,"x1"
-0.761406683057451,"x1"
-1.14209993178528,"x1"
0.641266746483149,"x1"
-0.896186069737887,"x1"
-0.251972918395065,"x1"
0.11972397595949,"x1"
-0.0832791753537154,"x1"
0.0247206110955195,"x1"
-0.582313088150638,"x1"
0.0923445768664089,"x1"
1.76887937069567,"x1"
-0.564820634181223,"x1"
2.33762058492956,"x1"
0.254537511153722,"x1"
-0.63684392559242,"x1"
-0.112035121435356,"x1"
1.63702709211438,"x1"
-0.0653773984465269,"x1"
0.0747586932771887,"x1"
0.275828923065811,"x1"
-0.286373206953868,"x1"
0.179469457181261,"x1"
-0.817040795781118,"x1"
0.0334437085994531,"x1"
0.073376659447505,"x1"
-0.361754964814088,"x1"
1.48312151058393,"x1"
0.0856045859631982,"x1"
-1.14141907823972,"x1"
-1.15983556093481,"x1"
-0.896421384298505,"x1"
0.676164595787305,"x1"
-1.48099060601474,"x1"
-0.0429303118795082,"x1"
-0.784516383464278,"x1"
0.379460188457916,"x1"
0.887552792787208,"x1"
0.328307139965922,"x1"
0.907687343918994,"x1"
0.421253405964459,"x1"
-0.195865448195087,"x1"
-1.08164468311915,"x1"
0.843954978030214,"x1"
1.45308940362228,"x1"
-2.1145270587497,"x1"
0.109023473195227,"x1"
0.649857052115531,"x1"
0.679659782581574,"x1"
1.02385700416899,"x1"
-0.326162165763996,"x1"
-1.18492504364735,"x1"
1.81087200822633,"x1"
-1.1293773440113,"x1"
-0.84930415988831,"x1"
-1.91992568110214,"x1"
-0.670018736076714,"x1"
1.36897851176207,"x1"
0.654433630999639,"x1"
1.05303643559035,"x1"
0.715469466582613,"x1"
1.15075533532327,"x1"
-0.477676309682694,"x1"
-1.05232668087249,"x1"
-0.150803839268986,"x1"
1.20848441233065,"x1"
2.38843356797713,"x1"
0.519546905139016,"x1"
-1.13638376373333,"x1"
-0.87976339856758,"x1"
0.729859618450433,"x1"
1.16694346946071,"x1"
0.426534913718833,"x1"
0.143081092815748,"x1"
1.22506642842879,"x1"
1.37414039623587,"x1"
-0.517074139055609,"x1"
-0.898217780031426,"x1"
-0.246079272276832,"x1"
0.190724789852893,"x1"
-0.494750589514464,"x1"
2.18761504366496,"x1"
1.0977771222329,"x1"
0.844676550003073,"x1"
0.784416564988748,"x1"
-0.287756405926624,"x1"
-0.0633454371598538,"x1"
-0.825503671436456,"x1"
0.299001804609074,"x1"
0.406039235294029,"x1"
-0.686812281344803,"x1"
-0.00717834269553514,"x1"
-0.147408034445083,"x1"
-0.894564420519285,"x1"
-1.68339364982189,"x1"
1.37481668552775,"x1"
-1.35001843405783,"x1"
1.80645673691474,"x1"
0.621008552238568,"x1"
-1.43691054076677,"x1"
-1.36493222507899,"x1"
0.245015347297446,"x1"
-0.0714664285655847,"x1"
-0.256593194965535,"x1"
-0.686557966968616,"x1"
0.794696530964153,"x1"
-0.863062390611097,"x1"
0.441960790208874,"x1"
1.51302747065958,"x1"
-3.08962032330332,"x1"
-0.162800532619309,"x1"
-1.82291323889088,"x1"
-0.687362961549123,"x1"
1.78101783622483,"x1"
-1.49336519138124,"x1"
1.87730898716946,"x1"
-0.4128278166986,"x1"
0.175011789842374,"x1"
0.46850529613273,"x1"
0.180816331450748,"x1"
-1.36161229270462,"x1"
2.2595940811885,"x1"
0.238282054578962,"x1"
0.0479688411527847,"x1"
-0.126286303554168,"x1"
-0.0351665237562711,"x1"
-0.142302272708027,"x1"
0.588464131343896,"x1"
0.481781940964286,"x1"
0.0462812024004912,"x1"
-0.328019483555037,"x1"
-0.0815931374055084,"x1"
0.145085273828231,"x1"
-1.70144272514594,"x1"
0.4271140146979,"x1"
0.194918857525361,"x1"
0.143383871444575,"x1"
-1.18966684416988,"x1"
1.06147557658007,"x1"
0.480917695497048,"x1"
0.107860067487216,"x1"
-1.58139683592316,"x1"
1.17783734691526,"x1"
0.67428942533581,"x1"
-0.11018280724634,"x1"
0.384584817795071,"x1"
-1.57063409391459,"x1"
-3.0837013894402,"x1"
-1.52471807552683,"x1"
-0.76354929461403,"x1"
-0.127653097226637,"x1"
1.35416715019767,"x1"
1.43269887085721,"x1"
1.89271055233048,"x1"
0.962597119274465,"x1"
0.48544999288293,"x1"
0.381855197870546,"x1"
-0.132087580407361,"x1"
-0.835800497915604,"x1"
1.44471503442629,"x1"
-0.131316626999222,"x1"
0.191561560968942,"x1"
1.15747002200963,"x1"
1.568777778729,"x1"
-0.22305273708861,"x1"
0.834725792036561,"x1"
0.344258335915369,"x1"
2.10995108007615,"x1"
0.158817346710037,"x1"
-0.257037032557018,"x1"
-0.577976091957009,"x1"
-0.799725823485161,"x1"
0.408727287369644,"x1"
-1.71245355377724,"x1"
1.26729667155364,"x1"
1.95833938599452,"x1"
1.93602188074766,"x1"
0.865463242609028,"x1"
0.266105919856154,"x1"
1.06019763000565,"x1"
-2.18995103456574,"x1"
0.572736428077963,"x1"
0.348434045943019,"x1"
-0.512768352286291,"x1"
-0.385406539651387,"x1"
-0.599993181331255,"x1"
-0.591097186514289,"x1"
-0.462459635592119,"x1"
-0.279702965571679,"x1"
0.497199064855042,"x1"
1.44597775428574,"x1"
0.630605156703132,"x1"
1.39993277662616,"x1"
0.988914233634109,"x1"
-0.545050145437944,"x1"
0.93323212967014,"x1"
0.846260917633083,"x1"
-0.516121332555008,"x1"
0.787279683989388,"x1"
0.540563014829273,"x1"
0.731126214647083,"x1"
1.29550308499582,"x1"
-0.0524872742412834,"x1"
0.353227007173714,"x1"
-1.59155912010074,"x1"
0.00624858800000452,"x1"
1.43748971486669,"x1"
0.11441331894789,"x1"
0.569422762074731,"x1"
1.39233900791986,"x1"
-0.0244359341835983,"x1"
0.00479633690670155,"x1"
-1.14243652614266,"x1"
0.0440728486573625,"x1"
1.08221340663753,"x1"
0.720212833564863,"x1"
0.928884215516456,"x1"
-0.554843623322376,"x1"
-1.42598189341594,"x1"
1.38355477379051,"x1"
0.181043750945346,"x1"
1.25034386016107,"x1"
0.269389712871173,"x1"
1.12179664943929,"x1"
-0.608833743551891,"x1"
-0.571965882624606,"x1"
0.512215133060701,"x1"
0.505109651472552,"x1"
-1.85054004489865,"x1"
0.945378550529476,"x1"
0.403393015376506,"x1"
0.885230412591574,"x1"
-0.439794437547544,"x1"
1.11048296287369,"x1"
-0.76057698002739,"x1"
-1.36004862313632,"x1"
1.18664203315164,"x1"
0.482463283396953,"x1"
-0.950444275180564,"x1"
-1.27256414735108,"x1"
0.426358312410172,"x1"
0.401513262744092,"x1"
0.232755631089753,"x1"
0.506130302066424,"x1"
2.41295682650222,"x1"
-0.992648980724794,"x1"
-0.338951734600944,"x1"
-0.112379392623099,"x1"
1.57143744217447,"x1"
0.0386389024277261,"x1"
0.918245078660728,"x1"
0.566998509435098,"x1"
-0.950596928667013,"x1"
1.30713240511812,"x1"
-0.953225401837768,"x1"
-0.518026391038933,"x1"
3.1817565064162,"x1"
-0.494877093433074,"x1"
-0.878449946711436,"x1"
0.782086785946407,"x1"
0.905123597381229,"x1"
0.781255370464573,"x1"
1.3070161278876,"x1"
-0.97586019424121,"x1"
0.0401421363488529,"x1"
-0.165571871947724,"x1"
0.77942078405819,"x1"
-0.190467751129326,"x1"
0.549156534337001,"x1"
-0.83725487664245,"x1"
-1.32473923209646,"x1"
-0.506364698189991,"x1"
0.110161652050828,"x1"
-0.991847542837356,"x1"
-0.164834716503601,"x1"
2.44138640286983,"x1"
0.459726982027401,"x1"
-0.0549215559105421,"x1"
-1.44763116517042,"x1"
-0.0822812751231239,"x1"
1.45299119927647,"x1"
-0.261080983937345,"x1"
1.2003742229887,"x1"
-3.34145563800439,"x1"
-0.362712204045153,"x1"
-2.5817171025026,"x1"
-0.669080474426963,"x1"
1.15652481336618,"x1"
-0.517792345166567,"x1"
0.944121453319331,"x1"
-0.955353712119771,"x1"
-0.00789283148800383,"x1"
1.33040062359357,"x1"
1.73453326710723,"x1"
0.663760211429674,"x1"
1.10181507428181,"x1"
-0.144469983152033,"x1"
-0.332446780006534,"x1"
-0.0925725584204521,"x1"
-0.294469755446111,"x1"
-0.361715005730094,"x1"
0.830230702763343,"x1"
0.0865673254266557,"x1"
-0.452206007643471,"x1"
1.27671912734877,"x1"
0.480683461291267,"x1"
-1.17030594129123,"x1"
0.951846650252307,"x1"
0.149748255322558,"x1"
-1.63553469493733,"x1"
0.640962144375974,"x1"
-2.29868581556451,"x1"
1.44997793135714,"x1"
1.76607413922729,"x1"
-1.14691216323215,"x1"
0.151218345475784,"x1"
-0.0345707252922873,"x1"
1.05344835751911,"x1"
-0.466701488434294,"x1"
-0.723228134401211,"x1"
-0.929833325104612,"x1"
-0.24912074133449,"x1"
0.306401485873504,"x1"
-0.129394369540174,"x1"
-0.991743356333148,"x1"
0.786562051892792,"x1"
1.94403052178465,"x1"
0.559208571635212,"x1"
0.274734410496751,"x1"
-0.645583488327558,"x1"
1.26661714725468,"x1"
0.916317477323923,"x1"
0.888909962326631,"x1"
-0.223050505365635,"x1"
1.04372441830624,"x1"
-0.189774703967968,"x1"
-0.932895854892003,"x1"
1.56317168139388,"x1"
0.300468968522147,"x1"
-0.388791695251275,"x1"
0.300387590309607,"x1"
1.42426485320671,"x1"
-0.288534945622161,"x1"
0.972947125563694,"x1"
1.9578380852882,"x1"
0.169238329289366,"x1"
0.291610888638127,"x1"
-0.58165693507815,"x1"
-0.321437717548612,"x1"
1.16911782121233,"x1"
-0.309200299234804,"x1"
1.79093899067136,"x1"
-0.446219991833027,"x1"
-2.08618789448797,"x1"
1.92325968227598,"x1"
1.37987427213486,"x1"
-0.039727788754219,"x1"
-0.215428681300604,"x1"
0.60733147504472,"x1"
-0.705315758920354,"x1"
-0.737754993270528,"x1"
0.119603234756341,"x1"
-0.180615430840734,"x1"
0.966337842036065,"x1"
-1.40873022353682,"x1"
0.43088234875841,"x1"
-0.297531383574677,"x1"
-0.133587241547412,"x1"
-1.05628294696556,"x1"
-0.564401028550404,"x1"
0.354837680153067,"x1"
0.763437078093655,"x1"
0.396674388412468,"x1"
-1.20628751172967,"x1"
-1.18768882760704,"x1"
1.2593168201332,"x1"
-0.0557449020454673,"x1"
-0.872407938084606,"x1"
-0.46194637053016,"x1"
-1.66800168526314,"x1"
0.697115907163335,"x1"
1.53431702751999,"x1"
-1.33634017145114,"x1"
1.29344389770551,"x1"
-1.32720599797761,"x1"
-0.361062222894021,"x1"
1.52308221337436,"x1"
0.862207300565631,"x1"
-2.0905113433826,"x1"
-1.6997815111249,"x1"
-0.152453396346515,"x1"
0.402476736777869,"x1"
0.387316503011129,"x1"
0.412938722565915,"x1"
-2.12461346216821,"x1"
1.22991740408963,"x1"
-0.969112066844832,"x1"
-0.651375030876268,"x1"
-0.509768686331539,"x1"
-1.10462343097841,"x1"
-0.602372086991392,"x1"
0.996475174798527,"x1"
0.756661828254614,"x1"
-0.227009277415318,"x1"
0.426419434520322,"x1"
-0.118423487317678,"x1"
0.369542417648933,"x1"
-0.372378783168383,"x1"
0.951416893366999,"x1"
1.19913780261138,"x1"
0.376581950094559,"x1"
-0.438929195446728,"x1"
-0.452117358669026,"x1"
-0.288569912585419,"x1"
0.919579292597818,"x1"
-0.663926670701127,"x1"
-0.385541760983278,"x1"
-1.58384498874468,"x1"
2.71356336367477,"x1"
0.186526897618949,"x1"
0.147157428424599,"x1"
0.149556782927319,"x1"
-0.251762550166511,"x1"
1.19603331898189,"x1"
-0.297407326251377,"x1"
-0.280010205307589,"x1"
-1.10546076715494,"x1"
-0.690348349583409,"x1"
-0.10819198648105,"x1"
0.693282954477605,"x1"
0.152823067881874,"x1"
0.000764331739261904,"x1"
-1.12112663544937,"x1"
-2.022637238895,"x1"
-0.161068275566179,"x1"
-0.474988244464369,"x1"
-0.274190893348136,"x1"
-1.41119298352944,"x1"
1.02404624416021,"x1"
-0.767824001935995,"x1"
1.95479716140622,"x1"
-1.16095303395277,"x1"
0.821199353857745,"x1"
-0.375279155807849,"x1"
-0.193612290464766,"x1"
1.1655027261204,"x1"
-0.860955470810155,"x1"
-0.383926388092751,"x1"
0.862186701238104,"x1"
0.28463615484332,"x1"
-0.489130322288293,"x1"
-1.87193789582388,"x1"
-0.192365090539149,"x1"
-0.977487656090962,"x1"
0.957437050261705,"x1"
0.582149261265147,"x1"
1.45912644048956,"x1"
0.673891792486487,"x1"
0.0449336978181527,"x1"
0.186203655239373,"x1"
1.10353623620613,"x1"
-1.12893381685122,"x1"
-0.947710581781224,"x1"
-1.5490991774688,"x1"
1.36362308742512,"x1"
-0.296888608428889,"x1"
-0.0367324995786432,"x1"
0.0937378565985251,"x1"
0.496616810188474,"x1"
0.881801511218825,"x1"
-0.520145822489154,"x1"
-0.973960217154378,"x1"
0.538842398925993,"x1"
2.21085862173498,"x1"
0.285063681426346,"x1"
0.374438970565334,"x1"
-0.714108972168629,"x1"
1.30374124332582,"x1"
0.935459538688583,"x1"
2.10463439893846,"x1"
2.20020401333589,"x1"
-0.927808121696772,"x1"
-1.55310559600682,"x1"
-0.144107898152621,"x1"
0.68990511717843,"x1"
-1.26297589371279,"x1"
-0.470380777136606,"x1"
-0.0760052457942253,"x1"
-0.808759598300721,"x1"
-1.45521750171954,"x1"
1.10051523196179,"x1"
1.16874668746028,"x1"
0.378501697374213,"x1"
-1.09028800181014,"x1"
0.573410144085031,"x1"
-0.880551760259572,"x1"
-0.351281764484957,"x1"
1.64454771748632,"x1"
-0.47506727446645,"x1"
-1.58517459652109,"x1"
-0.815060353903771,"x1"
-0.284348096641841,"x1"
-2.06336467215715,"x1"
0.0407547061853719,"x1"
-0.0204995119383083,"x1"
1.14795779482009,"x1"
-1.30017032246362,"x1"
0.404968276122227,"x1"
1.14131232567207,"x1"
2.05322953667034,"x1"
0.970548548218067,"x1"
-1.62425999962185,"x1"
0.457575513919581,"x1"
1.01315181066564,"x1"
1.08340255634515,"x1"
-0.831248646019721,"x1"
0.15071500213548,"x1"
0.506802832942981,"x1"
2.90330723716604,"x1"
-0.820178021518988,"x1"
-1.78733034275108,"x1"
-0.237355247162446,"x1"
-0.479047036446316,"x1"
-0.373601340978309,"x1"
-1.71126351278592,"x1"
-0.187978746200296,"x1"
-0.396190224539424,"x1"
1.49114349309139,"x1"
1.17412431188602,"x1"
-0.685762609171553,"x1"
0.942064826276179,"x1"
-0.558359423319631,"x1"
1.35507323135923,"x1"
-2.15550609880872,"x1"
0.792541299827004,"x1"
-0.707181437386791,"x1"
-0.265091770831513,"x1"
-0.38339986505112,"x1"
-0.0404612851341413,"x1"
1.63507644274057,"x1"
0.0122059046319806,"x1"
-0.984743128445804,"x1"
0.830121206033129,"x1"
0.568708863173561,"x1"
-1.7479148891375,"x1"
-0.377201671760798,"x1"
1.470258912904,"x1"
-1.05109278004512,"x1"
1.07476724556155,"x1"
0.922717512932837,"x1"
1.48621605163498,"x1"
0.615307546725515,"x1"
-0.0473385521605447,"x1"
0.21577924790197,"x1"
1.651185941785,"x1"
-0.605782643874607,"x1"
-0.953423114924885,"x1"
-1.41893964202626,"x1"
0.473079559172667,"x1"
-1.34761358501737,"x1"
-0.840393679495768,"x1"
1.76893676645522,"x1"
-0.486986561456671,"x1"
-1.46723265938402,"x1"
0.203047904786132,"x1"
0.026220759650352,"x1"
0.543664197502791,"x1"
0.512014613362507,"x1"
-1.73174158043392,"x1"
-0.229747207075905,"x1"
-0.035769729278068,"x1"
0.648635161977678,"x1"
0.947282979929861,"x1"
-0.393692050486973,"x1"
1.575541859215,"x1"
-0.386905963292429,"x1"
-1.02871037423496,"x1"
-0.338914808753541,"x1"
0.317830541013697,"x1"
0.724287704520952,"x1"
1.21812340412188,"x1"
1.9654621320973,"x1"
-0.306587682401975,"x1"
0.243432587503517,"x1"
0.263426175751515,"x1"
0.190248342475102,"x1"
-0.213691633308405,"x1"
1.27752607243378,"x1"
-0.0364122740462471,"x1"
-0.400371884199914,"x1"
1.18159084428465,"x1"
1.98592313197977,"x1"
0.17860954745371,"x1"
0.138124521453288,"x1"
-1.27767437027984,"x1"
1.29905911582748,"x1"
0.936728883033084,"x1"
-0.826185377959174,"x1"
-1.93381752676368,"x1"
0.334261986509498,"x1"
-0.611620605865841,"x1"
0.518141213796397,"x1"
-0.392353409520089,"x1"
-0.22508756358571,"x1"
-0.48804041424186,"x1"
-0.38985780825929,"x1"
-0.719477888300798,"x1"
1.3791110280468,"x1"
0.522428048783133,"x1"
1.15374054547178,"x1"
0.0287888245124382,"x1"
-1.58058784503332,"x1"
-1.01705298214614,"x1"
0.412009191402002,"x1"
-0.899174727463771,"x1"
-0.754566735232459,"x1"
0.164893305840249,"x1"
0.0527976261385839,"x1"
-0.0712572780720563,"x1"
-0.581022548058332,"x1"
-0.172602755364796,"x1"
-2.93386518573628,"x1"
-0.33516023686044,"x1"
-0.050169414103028,"x1"
0.577352931744761,"x1"
-1.03753432728096,"x1"
-0.105120033986826,"x1"
-1.13672546338112,"x1"
-0.830636087513223,"x1"
1.85982617086107,"x1"
0.581341736526931,"x1"
-1.54203504688187,"x1"
-0.531101042402419,"x1"
-0.244249965713242,"x1"
-0.248825981885273,"x1"
0.493201366048402,"x1"
-0.866630387293141,"x1"
0.322445740181144,"x1"
1.80717372686776,"x1"
0.505982498294696,"x1"
-0.189469042579823,"x1"
1.19695009898161,"x1"
-0.812388219895946,"x1"
-0.616993826428949,"x1"
0.31479317824346,"x1"
-0.311212864743481,"x1"
-0.707377909722169,"x1"
1.85009122058367,"x1"
-0.427000706224146,"x1"
-0.0852901099274575,"x1"
-0.462256937758308,"x1"
0.623670629798124,"x1"
-0.99092190933867,"x1"
0.893162878515725,"x1"
-0.689813857734847,"x1"
-1.49692348805318,"x1"
0.178813826549115,"x1"
-0.250723875478462,"x1"
0.321559407443817,"x1"
0.92633143998751,"x1"
-0.148632963490623,"x1"
-1.18136030126663,"x1"
0.785999911094027,"x1"
-0.693357638987175,"x1"
-0.398540855998383,"x1"
1.10514274753391,"x1"
-0.94421236360297,"x1"
2.79690564174477,"x1"
0.874478004393973,"x1"
0.560477246823447,"x1"
-0.298894594837649,"x1"
0.625615209419889,"x1"
-0.0777207664416961,"x1"
-0.00609955164379841,"x1"
0.481598435917755,"x1"
0.279775755774453,"x1"
-2.41456004005866,"x1"
-1.18798867162039,"x1"
-1.4849691315331,"x1"
0.0189560483820979,"x1"
-0.24035464941066,"x1"
-0.185254382271396,"x1"
-0.206709756869278,"x1"
-0.888531221210795,"x1"
0.264281532933385,"x1"
0.744647190800261,"x1"
0.929289991833118,"x1"
-0.683166287338991,"x1"
0.140016689012483,"x1"
0.517390683040516,"x1"
-1.12924465919903,"x1"
-0.385120804014947,"x1"
-0.415307718026265,"x1"
1.53420678013274,"x1"
-1.12200251337125,"x1"
-1.07051716399555,"x1"
1.21900930378949,"x1"
0.0892550206603802,"x1"
0.490847577689615,"x1"
1.06028726047927,"x1"
0.200169412609471,"x1"
-0.778265868637232,"x1"
-0.485168045421581,"x1"
0.521246650633281,"x1"
1.13448941649086,"x1"
0.637828180744018,"x1"
-1.89841076879688,"x1"
0.720060117521559,"x1"
1.70971735690869,"x1"
-1.07646542963547,"x1"
-0.139370708952887,"x1"
-1.4285437050916,"x1"
-0.119135345725559,"x1"
0.523526710565348,"x1"
-0.616151105365236,"x1"
0.509985236753373,"x1"
-0.159773704352152,"x1"
1.01260921631346,"x1"
-1.15772160177711,"x1"
-1.3620486650431,"x1"
-0.730794886113002,"x1"
1.40524782259505,"x1"
0.139297507336401,"x1"
1.14527264991865,"x1"
-0.651859431707465,"x1"
1.25426791265774,"x1"
0.612007655689809,"x1"
-0.227417714597909,"x1"
-0.418672546756887,"x1"
1.33092497099923,"x1"
-0.327081886266117,"x1"
-0.118651114450987,"x1"
-0.0187639880441675,"x1"
1.16832064433618,"x1"
0.271474406014961,"x1"
-1.05913988410244,"x1"
0.386372167196769,"x1"
-0.850885700441921,"x1"
1.45916883172953,"x1"
-2.30704670340782,"x1"
-0.655677891684843,"x1"
-1.93880490864522,"x1"
-0.839413460698743,"x1"
-0.441953303917486,"x1"
-1.06336117708464,"x1"
1.62135799242841,"x1"
-0.257272836192509,"x1"
0.0732771343419923,"x1"
-1.38410291143827,"x1"
0.0569699640192706,"x1"
0.605921338170826,"x1"
-0.703014314812492,"x1"
-0.67711335700001,"x1"
-2.51523864153485,"x1"
-0.222750694861922,"x1"
-1.10277170596415,"x1"
1.30712625612357,"x1"
-0.631914875606515,"x1"
-1.65558874441602,"x1"
-1.74936173752552,"x1"
1.16357141841208,"x1"
0.14570522460484,"x1"
-0.656606394016009,"x1"
-0.104500214170936,"x1"
0.892154230787166,"x1"
-1.44992244236941,"x1"
-1.36275296843686,"x1"
1.48639247564124,"x1"
1.02686680655761,"x1"
-1.17995536010243,"x1"
-0.99957801384885,"x1"
1.38905698632255,"x1"
0.423621788069321,"x1"
1.06004249857795,"x1"
-0.848362527683505,"x1"
0.669056478592848,"x1"
-1.24487517799053,"x1"
1.27231779655399,"x1"
-1.2243526863903,"x1"
-0.442095250106513,"x1"
-0.48701574874742,"x1"
-1.0444026842052,"x1"
-0.144822237022408,"x1"
-0.235400765598292,"x1"
0.0329006066947233,"x1"
-1.50360635465331,"x1"
-1.96343997365711,"x1"
-0.310231039585472,"x1"
0.297464385473419,"x1"
-1.30814929093069,"x1"
0.352747412258385,"x1"
0.141310406933177,"x1"
1.07824429249167,"x1"
0.318974659800037,"x1"
-0.201296042730613,"x1"
-1.43002155760725,"x1"
0.0554652172203015,"x1"
-0.250440395495661,"x1"
-0.157586979240765,"x1"
1.28842868065327,"x1"
-1.68562335180641,"x1"
-0.106351715640128,"x1"
0.217437827006734,"x1"
0.878248126666653,"x1"
-0.930305165956386,"x1"
-1.00209296727707,"x1"
0.291725508048328,"x1"
0.330696915617979,"x1"
-0.609041642628432,"x1"
1.62987268194201,"x1"
2.36929084712749,"x1"
-0.0092342306135966,"x1"
-0.137286666879195,"x1"
-0.170348578571343,"x1"
0.428291579764621,"x1"
-0.323821459023616,"x1"
0.288104557675915,"x1"
-1.06457093400919,"x1"
-0.243375206069745,"x1"
-1.61927772228728,"x1"
1.4603858437486,"x1"
1.28880727603541,"x1"
-0.0670222513524626,"x1"
-1.06330475650465,"x1"
5.0568661036343,"x2"
1.65152298538854,"x2"
3.99842087869906,"x2"
3.21961125928734,"x2"
5.76306076570701,"x2"
6.51115121003355,"x2"
4.77930562714675,"x2"
6.42802471434205,"x2"
6.45306757208825,"x2"
4.72601198321869,"x2"
7.47928406860425,"x2"
4.96900080812914,"x2"
1.50710948093514,"x2"
8.3207921785076,"x2"
5.3498380260599,"x2"
1.59977863309196,"x2"
2.78224263362483,"x2"
5.6495260375114,"x2"
4.85537555318061,"x2"
5.09654437729436,"x2"
2.07433454953802,"x2"
7.20313845808219,"x2"
6.57356792377502,"x2"
7.7511830031054,"x2"
5.46525712056006,"x2"
3.1177735938424,"x2"
5.83009018052648,"x2"
4.57581827886322,"x2"
9.9462075247398,"x2"
5.21865633039641,"x2"
4.73658846086071,"x2"
4.99757207983455,"x2"
8.15515918595887,"x2"
8.94420909682489,"x2"
0.96214339566758,"x2"
5.76630881405381,"x2"
1.3553010919627,"x2"
3.29048751912668,"x2"
7.19393778001751,"x2"
0.909159584217522,"x2"
6.50044163577736,"x2"
6.97125022742193,"x2"
3.90499038135494,"x2"
1.36555893308503,"x2"
5.28292530758656,"x2"
4.76671339563984,"x2"
4.75443457751779,"x2"
6.60259974043775,"x2"
3.93659332512705,"x2"
1.21953006102613,"x2"
6.02109671353422,"x2"
6.03805387309267,"x2"
4.89321089358777,"x2"
3.76484444223816,"x2"
2.41033952450944,"x2"
6.7450732264007,"x2"
8.22932037245375,"x2"
5.01040785991631,"x2"
4.10306426622928,"x2"
3.65146011194559,"x2"
7.14626647844392,"x2"
3.99533891466935,"x2"
5.8742899675739,"x2"
6.94487638818503,"x2"
2.53916814972641,"x2"
3.977380079149,"x2"
6.68641484459061,"x2"
4.03541547855533,"x2"
2.19347118526432,"x2"
4.04983486807661,"x2"
7.09706992746229,"x2"
6.9400664861253,"x2"
5.75827167961816,"x2"
5.45826584648267,"x2"
5.39304478812258,"x2"
2.45099325652677,"x2"
6.38129075653015,"x2"
1.8634941137564,"x2"
4.41379191127317,"x2"
2.80471192269418,"x2"
3.65762638115156,"x2"
6.21613227554087,"x2"
3.85516518680932,"x2"
4.93284904491146,"x2"
1.39914104357771,"x2"
8.78601021029434,"x2"
4.28984129432982,"x2"
6.12332914532453,"x2"
5.35343018463523,"x2"
5.50867627174985,"x2"
4.95070439370909,"x2"
3.3843443972283,"x2"
2.16022616224685,"x2"
4.47662891786912,"x2"
4.53721817756493,"x2"
3.55817660036007,"x2"
2.24449595371012,"x2"
3.81999751252994,"x2"
6.58434793721685,"x2"
2.6421068052925,"x2"
2.87199698964935,"x2"
3.8626567003602,"x2"
5.93225791161111,"x2"
5.78017717504375,"x2"
4.01398492651483,"x2"
8.32107447810218,"x2"
3.20997370109177,"x2"
10.847572708576,"x2"
8.56438609650762,"x2"
5.22688526410318,"x2"
2.34327189981109,"x2"
5.40205846112485,"x2"
6.01065599597107,"x2"
5.04806654526754,"x2"
10.4356364134748,"x2"
5.06462205719466,"x2"
4.59455465166397,"x2"
6.67186748069114,"x2"
3.34113595273992,"x2"
4.45565433772236,"x2"
5.16125916613688,"x2"
5.23288429342103,"x2"
5.62742086169548,"x2"
5.41702477097513,"x2"
5.24063123568842,"x2"
4.65039765098261,"x2"
6.53477484579622,"x2"
5.07801370045593,"x2"
6.59173093423613,"x2"
5.30352303698267,"x2"
5.90892213666952,"x2"
3.86595131739447,"x2"
2.13859004961504,"x2"
5.5718551863329,"x2"
2.5165438881349,"x2"
5.70909244523058,"x2"
5.37316305450403,"x2"
3.69927393015462,"x2"
5.91868154007285,"x2"
7.9948887021228,"x2"
7.9921335042361,"x2"
5.2424384958102,"x2"
2.32020740153441,"x2"
3.63881347890863,"x2"
5.43847899314012,"x2"
3.87741847161027,"x2"
5.37230894342366,"x2"
7.64324655909098,"x2"
4.39461042488788,"x2"
5.06821532048904,"x2"
2.742336560441,"x2"
3.60718601588437,"x2"
3.5805128457855,"x2"
4.16717123295044,"x2"
5.1775739791284,"x2"
2.92351829310565,"x2"
8.2729053754263,"x2"
6.05847798389164,"x2"
3.74497183645617,"x2"
2.88784047343879,"x2"
6.87617724334967,"x2"
6.95753698028083,"x2"
6.67874258593159,"x2"
4.06534235028103,"x2"
4.49277183125404,"x2"
5.99971165143897,"x2"
6.41114851129316,"x2"
3.22634252020798,"x2"
5.60193859433616,"x2"
5.93210547145689,"x2"
7.88113936443482,"x2"
6.67791981232753,"x2"
5.8572994254833,"x2"
6.9344318057516,"x2"
2.41484267942238,"x2"
7.39843985712661,"x2"
2.60865241666196,"x2"
6.09228444545168,"x2"
6.38814789487399,"x2"
4.59679861493369,"x2"
7.44039402264849,"x2"
2.14350993747577,"x2"
5.21164916246953,"x2"
5.75818189991488,"x2"
6.00525546907166,"x2"
5.30294770279054,"x2"
4.54629129241777,"x2"
4.54121097940227,"x2"
4.08249026662063,"x2"
5.04906459445353,"x2"
-2.03106266312682,"x2"
5.89308283601953,"x2"
1.92806987773666,"x2"
5.23775344912306,"x2"
3.13280483161774,"x2"
4.71337045679632,"x2"
3.79043653795295,"x2"
3.47880349820155,"x2"
3.41005747907457,"x2"
10.1677334424207,"x2"
8.21753741744966,"x2"
3.9267313736621,"x2"
4.57318840635308,"x2"
6.15004352460751,"x2"
3.75069753711693,"x2"
5.66722660463845,"x2"
6.83306836710261,"x2"
2.9230666061303,"x2"
6.65567890572809,"x2"
4.21020645680051,"x2"
5.47618420795069,"x2"
7.49512559256153,"x2"
7.08780969232434,"x2"
5.34444996049403,"x2"
4.34494874637528,"x2"
5.26185778735148,"x2"
5.69359535409207,"x2"
3.70218709861674,"x2"
4.7532622391517,"x2"
2.33444686208218,"x2"
5.49561311730122,"x2"
7.64268756494203,"x2"
5.58115863556958,"x2"
6.68503293372004,"x2"
2.95620145670124,"x2"
5.46462654930727,"x2"
4.23959092305666,"x2"
6.2293380719393,"x2"
5.47749280534362,"x2"
3.39656075669822,"x2"
3.60815755852274,"x2"
5.95958766114609,"x2"
4.67191865896475,"x2"
2.9542695110155,"x2"
7.34939678517252,"x2"
4.37025687154293,"x2"
4.63274726764726,"x2"
6.24678574183216,"x2"
0.18173496753214,"x2"
5.39062576483888,"x2"
5.85592835516812,"x2"
5.0297890787499,"x2"
5.15378780297973,"x2"
7.37890028946725,"x2"
2.79249615175397,"x2"
-0.337203174960765,"x2"
5.21241558570245,"x2"
6.67936213835068,"x2"
3.80143039980894,"x2"
4.10067598521068,"x2"
6.18347067019049,"x2"
5.18012372930176,"x2"
7.99270535565661,"x2"
4.88934929333855,"x2"
5.27394090381706,"x2"
5.78701809648896,"x2"
4.94112442869407,"x2"
6.93991972535982,"x2"
9.79583328097853,"x2"
1.9449789124361,"x2"
5.77040484955764,"x2"
5.30920631014885,"x2"
5.62746765516101,"x2"
6.40597689097322,"x2"
-0.130505939896581,"x2"
7.73456585744177,"x2"
5.07252391881059,"x2"
4.33437570526883,"x2"
8.15662520679693,"x2"
3.01025553743502,"x2"
3.37919158982788,"x2"
5.69274635856167,"x2"
7.68255259095399,"x2"
3.62458384822139,"x2"
2.71223613888106,"x2"
2.54986424930317,"x2"
7.19092828347333,"x2"
6.225973061096,"x2"
4.30767400697549,"x2"
5.52153578423341,"x2"
2.76136906212123,"x2"
6.27355879410126,"x2"
3.75583621829973,"x2"
5.46211528772349,"x2"
5.34064339173478,"x2"
7.45341407122719,"x2"
5.99950954772188,"x2"
2.30944731083764,"x2"
7.21501192295399,"x2"
4.30402066257257,"x2"
4.05693515186362,"x2"
4.32399051741736,"x2"
3.05688512824946,"x2"
0.377694526159139,"x2"
7.91757774893561,"x2"
9.38328693566321,"x2"
4.97931097487898,"x2"
2.46866778689595,"x2"
3.56883447126225,"x2"
5.09174811650555,"x2"
3.9961691697429,"x2"
2.2334422427114,"x2"
3.59032915234824,"x2"
2.43246565398242,"x2"
4.4959983417329,"x2"
3.42619381898036,"x2"
5.19819943246135,"x2"
4.07523675763075,"x2"
4.34591899640842,"x2"
7.90849099228477,"x2"
2.63065264994014,"x2"
8.32059720505312,"x2"
3.70445025378917,"x2"
3.4692676832098,"x2"
2.43566619737016,"x2"
3.84101332276578,"x2"
4.0767544601756,"x2"
3.85993106532785,"x2"
8.14628853779984,"x2"
5.91054543009542,"x2"
3.90387759708462,"x2"
7.00797785079732,"x2"
4.25400731097032,"x2"
4.98732656436134,"x2"
4.76780191340143,"x2"
2.86177221418114,"x2"
6.79750627278696,"x2"
2.48325159788497,"x2"
6.6089918209594,"x2"
7.38718689218817,"x2"
4.70510280682568,"x2"
4.50464762679829,"x2"
5.95284028802395,"x2"
2.90732069754056,"x2"
4.59733432854895,"x2"
4.81252553494641,"x2"
5.41583232944961,"x2"
1.67795973523649,"x2"
3.45200609011612,"x2"
5.88848138514853,"x2"
4.81904765773368,"x2"
7.80387818734534,"x2"
4.60086272421668,"x2"
0.829815880844917,"x2"
5.43915293662413,"x2"
8.71377518707865,"x2"
3.36981754389679,"x2"
3.98266871560359,"x2"
2.19203546646446,"x2"
4.16713322082196,"x2"
5.03423848753091,"x2"
3.60065193568017,"x2"
4.69561293235216,"x2"
2.92363731037228,"x2"
6.02956871800753,"x2"
6.75046253121402,"x2"
5.91870028387577,"x2"
4.41098052486247,"x2"
3.95673971040529,"x2"
7.63887307638696,"x2"
4.45095331405939,"x2"
4.50690995861913,"x2"
3.16122988061555,"x2"
7.22800266993757,"x2"
3.96814746727149,"x2"
6.34114372377638,"x2"
6.29363666609195,"x2"
4.8873766265812,"x2"
5.10256149440325,"x2"
5.4572012376328,"x2"
3.47332339635404,"x2"
7.93523585992922,"x2"
3.60514843474546,"x2"
7.48364998770058,"x2"
4.61427210420702,"x2"
3.58585979664836,"x2"
3.87126696878711,"x2"
1.92323525020112,"x2"
6.10964119165693,"x2"
7.59758896311121,"x2"
4.03868679744249,"x2"
8.00333748417465,"x2"
5.47304490092932,"x2"
5.10209802484726,"x2"
2.73915797528488,"x2"
1.73721830382773,"x2"
2.84205023988599,"x2"
6.20555438593799,"x2"
9.08278977735876,"x2"
6.67114234257447,"x2"
9.24802668111212,"x2"
3.51076096426572,"x2"
4.43772444671316,"x2"
5.62134856461743,"x2"
4.56343440874375,"x2"
1.24613734734849,"x2"
6.8981963105183,"x2"
5.71328393607301,"x2"
4.73156095579538,"x2"
1.71498500465115,"x2"
7.66946273112877,"x2"
0.975646820254696,"x2"
7.09124312356928,"x2"
1.97488055485783,"x2"
4.55934413257949,"x2"
4.69574105991972,"x2"
10.8954722305239,"x2"
3.30645168633871,"x2"
5.29196823925351,"x2"
3.81220333850295,"x2"
6.71204345011524,"x2"
3.6871113677402,"x2"
4.59061177160658,"x2"
5.98691892779616,"x2"
4.9549778623741,"x2"
4.70268906206644,"x2"
7.90201532078,"x2"
6.40351682233118,"x2"
8.70930183326882,"x2"
4.80822485562304,"x2"
7.18042794602032,"x2"
9.61751725179852,"x2"
3.13839601148159,"x2"
1.69210271498829,"x2"
5.18947312478821,"x2"
7.03536799444699,"x2"
4.79372101697463,"x2"
2.42109035044391,"x2"
3.55781200168513,"x2"
8.40957870752212,"x2"
4.81439262723666,"x2"
3.1970604975632,"x2"
5.96916589301099,"x2"
4.84516008691667,"x2"
7.82380692902316,"x2"
3.50792397866904,"x2"
4.44431805035019,"x2"
4.84413148778694,"x2"
5.61659509687461,"x2"
9.97334270301568,"x2"
7.77816182732714,"x2"
6.41492773325177,"x2"
5.91458367005144,"x2"
3.04111231260564,"x2"
5.0891753440886,"x2"
4.30942229474652,"x2"
2.8668925417102,"x2"
4.15958675356851,"x2"
7.60365783983367,"x2"
8.34950784985541,"x2"
4.76137636637981,"x2"
4.54137264930602,"x2"
4.43488402645806,"x2"
2.11398894987205,"x2"
6.05244271080378,"x2"
1.21712277028508,"x2"
2.57066081355249,"x2"
8.41429540664548,"x2"
7.59472891947974,"x2"
4.34807984460509,"x2"
5.24104819772684,"x2"
7.42514718657468,"x2"
2.65036316530657,"x2"
3.83130004631944,"x2"
5.62763516239509,"x2"
7.1429587314792,"x2"
5.55497233805083,"x2"
5.29843386825604,"x2"
5.4306694966148,"x2"
3.3630875290813,"x2"
5.80498644277025,"x2"
5.34361643232159,"x2"
6.10451649974683,"x2"
5.40338899250874,"x2"
5.08028077144615,"x2"
5.19759945438029,"x2"
2.8660494118424,"x2"
3.0352695285257,"x2"
5.13715976504276,"x2"
6.28139644287698,"x2"
2.99388923638158,"x2"
3.46703697327804,"x2"
4.5516449920721,"x2"
5.11814240507467,"x2"
2.11438225407561,"x2"
2.91210115832131,"x2"
5.57546941979363,"x2"
3.62812647299204,"x2"
2.47779538592383,"x2"
2.88105434411385,"x2"
7.55714029654517,"x2"
6.82026857431357,"x2"
4.24739206848984,"x2"
5.97823694024724,"x2"
3.57167891763302,"x2"
4.7993208766451,"x2"
2.12152167513506,"x2"
6.17231936218876,"x2"
5.58756687551732,"x2"
5.89289415274218,"x2"
5.27142026296345,"x2"
4.85055198516708,"x2"
4.82090955900043,"x2"
3.65652975638314,"x2"
5.11303178952731,"x2"
5.6824152206133,"x2"
6.87892575457508,"x2"
5.05349567392606,"x2"
5.48695129000786,"x2"
2.50682605081181,"x2"
7.00103551501593,"x2"
5.51309245357541,"x2"
6.86702499697921,"x2"
4.55142150899936,"x2"
6.75186849451106,"x2"
7.78285291608294,"x2"
5.8803357448177,"x2"
5.60133339220315,"x2"
5.84474858946881,"x2"
7.56892357365816,"x2"
3.97860348484745,"x2"
5.50391784549314,"x2"
4.22688647298317,"x2"
5.24210947333317,"x2"
8.27943916834812,"x2"
3.49318572662868,"x2"
4.19531902160178,"x2"
2.55958296062493,"x2"
4.25564092217129,"x2"
6.45529941365333,"x2"
4.20231384509021,"x2"
3.95908422369252,"x2"
7.5411583322882,"x2"
6.15676757821567,"x2"
5.17442446602191,"x2"
8.97395119911965,"x2"
8.14102684202899,"x2"
2.92478926379589,"x2"
4.15013654946105,"x2"
4.15013174539168,"x2"
3.14706130992284,"x2"
6.81073377797136,"x2"
3.7702247823811,"x2"
7.32516147914523,"x2"
8.05007250711452,"x2"
4.91382231922485,"x2"
5.15442182897574,"x2"
6.01489306543039,"x2"
5.97187188985067,"x2"
2.32408506312598,"x2"
0.763544839984953,"x2"
5.37061178768027,"x2"
7.32223603676632,"x2"
4.81543231439124,"x2"
4.70568362041094,"x2"
2.46279440826697,"x2"
4.02750906699234,"x2"
4.78071782029305,"x2"
3.94867015289576,"x2"
6.00629466369848,"x2"
0.641075470056379,"x2"
6.54970862144734,"x2"
4.36204835474126,"x2"
4.38268833304454,"x2"
5.81375574682031,"x2"
3.716765086981,"x2"
4.39902093012849,"x2"
3.30556785186515,"x2"
3.23583085241071,"x2"
6.50202882458802,"x2"
8.12793483025377,"x2"
2.28175394689497,"x2"
4.76068198881279,"x2"
2.92338502230488,"x2"
2.79519063810273,"x2"
5.32476529186299,"x2"
5.24160580270867,"x2"
2.15436097277775,"x2"
7.67044894297476,"x2"
6.79658752635813,"x2"
6.96365862621264,"x2"
8.59658605351194,"x2"
5.89740806439528,"x2"
3.8106584466547,"x2"
5.98190828482894,"x2"
2.82188690098785,"x2"
3.28674719350842,"x2"
4.46755200500972,"x2"
5.84810207155158,"x2"
3.52755556485988,"x2"
7.93471649682834,"x2"
5.54350563331946,"x2"
5.02010465714999,"x2"
8.32727808609167,"x2"
3.85099637089555,"x2"
2.63323138275629,"x2"
4.52436296034988,"x2"
4.16554202039084,"x2"
7.34396058263678,"x2"
8.03979987565652,"x2"
1.6478150505468,"x2"
6.50647681297972,"x2"
4.6411786000059,"x2"
4.82901502070315,"x2"
6.8845305468133,"x2"
5.71824071653368,"x2"
3.69614137753775,"x2"
6.45448832641359,"x2"
6.14667623094833,"x2"
3.91432734592178,"x2"
2.49601087133409,"x2"
4.0239771034973,"x2"
3.78347816873486,"x2"
3.30058536759495,"x2"
3.79744535131505,"x2"
5.88107061465225,"x2"
4.34331809395212,"x2"
1.69841410535416,"x2"
5.9912276751911,"x2"
6.17391892651696,"x2"
3.6779716090852,"x2"
5.1587678398424,"x2"
4.85425112881047,"x2"
7.01751764679722,"x2"
6.41262657481535,"x2"
5.02445714042796,"x2"
6.12887959639371,"x2"
4.67653157607572,"x2"
3.24063523112878,"x2"
6.70579001720919,"x2"
7.80440026937497,"x2"
2.37210074694404,"x2"
6.41386919844161,"x2"
8.42075425411972,"x2"
2.37292865747626,"x2"
6.27886590308468,"x2"
5.03969490527104,"x2"
4.31515691376179,"x2"
6.07744007221974,"x2"
4.21975268573905,"x2"
5.54807192027622,"x2"
4.82263795115704,"x2"
4.84648316259364,"x2"
3.55975038480812,"x2"
5.1869790949953,"x2"
0.780883242730138,"x2"
5.09332259150627,"x2"
7.15793651283437,"x2"
5.34579032639237,"x2"
3.19638736529921,"x2"
4.24562404418361,"x2"
3.38848526099938,"x2"
3.54973682160307,"x2"
-0.136881974264082,"x2"
3.22768693773581,"x2"
7.45565498805421,"x2"
5.90353122274233,"x2"
7.73093659738112,"x2"
4.09676878655048,"x2"
6.49138418028547,"x2"
5.47446535731059,"x2"
4.46976494476361,"x2"
2.99095351876955,"x2"
4.47159610905282,"x2"
4.92702731095272,"x2"
6.17133713677263,"x2"
6.16695862550852,"x2"
6.95503889994264,"x2"
7.09531552704431,"x2"
1.21061630568882,"x2"
7.16909541279921,"x2"
2.90999445112696,"x2"
3.01306814378705,"x2"
6.9514763788699,"x2"
4.39636855767627,"x2"
7.9688872198815,"x2"
4.26781056976917,"x2"
5.42862459732852,"x2"
4.16056323405978,"x2"
6.03756389919368,"x2"
5.76403646797739,"x2"
3.93122143871735,"x2"
2.63318048376887,"x2"
5.93829469109414,"x2"
5.11762400350986,"x2"
0.416021736810781,"x2"
5.01382161059989,"x2"
4.94684450715894,"x2"
4.53553747599203,"x2"
5.42720945039617,"x2"
8.53755011706063,"x2"
3.98949220175553,"x2"
5.19153455746129,"x2"
-1.18368948508915,"x2"
5.84760030935918,"x2"
1.88997897249118,"x2"
5.73685780259216,"x2"
5.63927566433292,"x2"
3.42675641853985,"x2"
4.7186257038234,"x2"
7.61692369339884,"x2"
1.31082627574373,"x2"
1.35894897420685,"x2"
5.59643467670818,"x2"
6.63095028743817,"x2"
6.01822584487492,"x2"
3.13387954047485,"x2"
4.30150299321732,"x2"
4.43478035822779,"x2"
5.32164028476241,"x2"
3.0296692286421,"x2"
3.18656367527626,"x2"
5.67068914914132,"x2"
6.26461854810805,"x2"
3.14224617831177,"x2"
3.24658568062229,"x2"
7.77118983457808,"x2"
3.62958279921949,"x2"
9.74877172615351,"x2"
5.14820422369117,"x2"
5.07172213643273,"x2"
7.98011165606988,"x2"
7.375509650608,"x2"
3.15932036967724,"x2"
6.77497145867814,"x2"
4.92453046783825,"x2"
3.95940249214375,"x2"
4.71304249773129,"x2"
5.559830696366,"x2"
4.62230682399925,"x2"
6.50796203891008,"x2"
4.22850668556979,"x2"
8.67164879407821,"x2"
5.43231823012755,"x2"
5.07800839017387,"x2"
7.16109497307557,"x2"
3.98519271417293,"x2"
4.56665406552468,"x2"
6.46705385125712,"x2"
7.70888352271048,"x2"
3.0488174297346,"x2"
3.01727971539521,"x2"
1.24391782766729,"x2"
7.66001642308096,"x2"
9.01115398772784,"x2"
1.10475141385812,"x2"
4.03732801348722,"x2"
2.9700108733777,"x2"
7.65363823408013,"x2"
0.448843259641934,"x2"
6.01408660004426,"x2"
4.64867039990643,"x2"
2.91245030514687,"x2"
4.15310158652361,"x2"
4.81168309632082,"x2"
5.51616725189797,"x2"
7.05339960048668,"x2"
5.0247919753709,"x2"
8.53572599285291,"x2"
3.02374075900019,"x2"
7.29553169036022,"x2"
5.63341936500398,"x2"
3.47403990861812,"x2"
5.73160704290636,"x2"
4.29803260397281,"x2"
1.9384488662102,"x2"
5.66934926635743,"x2"
1.81243086669435,"x2"
5.03863729078239,"x2"
6.30055483598323,"x2"
4.55424725917622,"x2"
3.26152726035384,"x2"
4.86506526642595,"x2"
7.57050115649751,"x2"
5.68109603031049,"x2"
5.83156564942745,"x2"
6.03123902470034,"x2"
6.22967306391057,"x2"
6.12503203563504,"x2"
3.89016891991209,"x2"
3.60399262774594,"x2"
5.47920374891627,"x2"
5.16357141011886,"x2"
3.60278458393894,"x2"
4.95625759067542,"x2"
3.3282566965744,"x2"
5.87057237170503,"x2"
7.35802674248271,"x2"
0.929666965682143,"x2"
8.16165687246871,"x2"
1.32214688536835,"x2"
2.44068404361713,"x2"
9.29582932830431,"x2"
3.81147962319193,"x2"
6.34922502269836,"x2"
2.32397339645081,"x2"
4.16459791850054,"x2"
6.98064637044251,"x2"
5.39626450532124,"x2"
1.73311737271401,"x2"
7.42314623446233,"x2"
6.23496356213671,"x2"
2.20213957080122,"x2"
6.33891509076107,"x2"
4.39549019480887,"x2"
10.0163226547229,"x2"
8.04694489957679,"x2"
3.4385834862067,"x2"
6.3805170573512,"x2"
3.47033285218353,"x2"
4.70715408469573,"x2"
5.16514081939916,"x2"
4.30102325479294,"x2"
3.37099987429844,"x2"
7.33794489999546,"x2"
2.98003915501507,"x2"
5.38692810449505,"x2"
5.02460654436693,"x2"
6.27838086478425,"x2"
4.36888745804437,"x2"
6.94182046500227,"x2"
3.48498450166132,"x2"
0.179286436118325,"x2"
6.45259557039943,"x2"
10.963939874034,"x2"
5.01603211942301,"x2"
4.02523197318992,"x2"
4.93623350293298,"x2"
1.94968650242196,"x2"
0.486528274116957,"x2"
6.53818895907776,"x2"
-0.562078566247643,"x2"
6.57944639616596,"x2"
2.48238928052798,"x2"
3.32972942522785,"x2"
5.61185431429097,"x2"
6.52249197052423,"x2"
6.57578884231292,"x2"
3.30064284417445,"x2"
7.09227929930586,"x2"
5.80180287327048,"x2"
2.37980345999291,"x2"
7.14906810879027,"x2"
5.6906474702445,"x2"
3.60736322139383,"x2"
6.41003090893449,"x2"
6.34695397358818,"x2"
5.33218215627789,"x2"
6.56512330126847,"x2"
2.5451842280806,"x2"
3.96147293903395,"x2"
2.55397776074696,"x2"
9.24936958134533,"x2"
6.92219533706816,"x2"
3.85888326769505,"x2"
6.12830457262478,"x2"
8.2609716602875,"x2"
6.65018258790812,"x2"
6.30294142457889,"x2"
4.2633895343615,"x2"
3.8726724314322,"x2"
1.05010241982747,"x2"
4.42493222119248,"x2"
3.41242322200054,"x2"
4.05649303435756,"x2"
4.32726470361592,"x2"
5.39022352463182,"x2"
7.44943954218538,"x2"
5.47984978133968,"x2"
5.64171585580144,"x2"
1.97097926051272,"x2"
9.57290608293799,"x2"
1.09122639348353,"x2"
5.59728279988981,"x2"
6.85192920126067,"x2"
4.92066849192884,"x2"
3.33844010532937,"x2"
4.43717494051176,"x2"
5.80485325057197,"x2"
5.67774361874374,"x2"
4.25497716431946,"x2"
8.9060767091887,"x2"
3.943924952671,"x2"
8.35027939347331,"x2"
6.90911966275661,"x2"
7.21583691257709,"x2"
5.25031053075481,"x2"
3.11081211236149,"x2"
5.90332358286011,"x2"
3.02341618948708,"x2"
0.84820316818533,"x2"
5.20801605681309,"x2"
3.15247371789868,"x2"
2.98167952091483,"x2"
6.23415145584781,"x2"
5.66379600978726,"x2"
5.9407711630267,"x2"
9.08663121997653,"x2"
6.97654151103356,"x2"
2.86533295750229,"x2"
4.12953363760359,"x2"
6.32748199886146,"x2"
5.44853010572517,"x2"
4.79494994483999,"x2"
8.41809517063196,"x2"
7.91934181926239,"x2"
3.93659100979992,"x2"
4.1306110995543,"x2"
8.61231447434956,"x2"
2.52841270270304,"x2"
10.4648356543727,"x2"
4.3103305133176,"x2"
6.63921685260777,"x2"
3.79963327527531,"x2"
4.14407368911518,"x2"
4.67877053372649,"x2"
5.22518627086784,"x2"
7.02131058282284,"x2"
7.3022790378046,"x2"
9.35802841214145,"x2"
3.45947515631516,"x2"
3.29828681184178,"x2"
5.12287312706171,"x2"
6.43635755153692,"x2"
3.99797347115134,"x2"
5.42680195035875,"x2"
6.12958746738725,"x2"
3.31861140888499,"x2"
7.09148707481502,"x2"
7.75760916186289,"x2"
4.67824646907412,"x2"
0.928116340895913,"x2"
-0.88471351542565,"x2"
3.35793522247022,"x2"
3.6676994314153,"x2"
5.7417028720211,"x2"
3.7570572304591,"x2"
4.9831701428725,"x2"
6.17387336993321,"x2"
5.78491166124224,"x2"
6.41940241953294,"x2"
4.75506762220918,"x2"
6.18658736145077,"x2"
2.370340180886,"x2"
4.90289231982716,"x2"
2.00418537107921,"x2"
6.04115399766232,"x2"
2.41270931174188,"x2"
4.52888533056845,"x2"
7.22535477978426,"x2"
1.59588157234375,"x2"
4.60477451385021,"x2"
8.18855259764127,"x2"
6.47139788786694,"x2"
4.11224225999942,"x2"
6.43798167403261,"x2"
1.20277178039643,"x2"
-0.12745465208573,"x2"
7.84836377507176,"x2"
4.26016101001049,"x2"
8.11028561002055,"x2"
5.26742171419736,"x2"
4.96043276425184,"x2"
3.00447656794217,"x2"
6.31804932600873,"x2"
3.87588831355085,"x2"
6.12312557053505,"x2"
3.28556905068104,"x2"
3.20983533744214,"x2"
5.32706665178863,"x2"
3.54475819950216,"x2"
4.68721050308897,"x2"
6.19997143250844,"x2"
4.05563528262569,"x2"
4.95081867553376,"x2"
6.45369136533273,"x2"
2.72656624524082,"x2"
1.57642450527739,"x2"
8.60317034176983,"x2"
3.04002661050523,"x2"
4.37482023361517,"x2"
6.96775232044925,"x2"
3.40982858309065,"x2"
6.44655784116871,"x2"
4.44364565722246,"x2"
5.1969931491837,"x2"
6.31719437265553,"x2"
2.4359460854628,"x2"
3.1820742349201,"x2"
1.89616815490266,"x2"
2.63733056883584,"x2"
3.83242727427921,"x2"
3.3926314814162,"x2"
4.61334831686485,"x2"
5.33897222157308,"x2"
6.59168969798261,"x2"
1.28348775220942,"x2"
3.02242272640164,"x2"
0.997601178344225,"x2"
2.18078944125607,"x2"
