"x","y","xend","yend","clust","line"
130.008453369141,11.6815984888011,7.7705078125,11.6815984888011,2,0
7.7705078125,11.6815984888011,7.7705078125,8.19798796679294,2,0
7.7705078125,8.19798796679294,1.5,8.19798796679294,2,0
1.5,8.19798796679294,1.5,4.68708366057489,2,0
1.5,4.68708366057489,1,4.68708366057489,2,0
1,4.68708366057489,1,0,2,0
1.5,4.68708366057489,2,4.68708366057489,2,0
2,4.68708366057489,2,0,2,0
7.7705078125,8.19798796679294,14.041015625,8.19798796679294,2,0
14.041015625,8.19798796679294,14.041015625,6.80689745637466,2,0
14.041015625,6.80689745637466,3.5,6.80689745637466,2,0
3.5,6.80689745637466,3.5,3.46704119676153,2,0
3.5,3.46704119676153,3,3.46704119676153,2,0
3,3.46704119676153,3,0,2,0
3.5,3.46704119676153,4,3.46704119676153,2,0
4,3.46704119676153,4,0,2,0
14.041015625,6.80689745637466,24.58203125,6.80689745637466,2,0
24.58203125,6.80689745637466,24.58203125,5.84073458649162,2,0
24.58203125,5.84073458649162,16.625,5.84073458649162,2,0
16.625,5.84073458649162,16.625,4.54298046800149,2,0
16.625,4.54298046800149,10.5625,4.54298046800149,2,0
10.5625,4.54298046800149,10.5625,2.93836041583677,2,0
10.5625,2.93836041583677,7.25,2.93836041583677,2,0
7.25,2.93836041583677,7.25,1.98715239805134,2,0
7.25,1.98715239805134,5.5,1.98715239805134,2,0
5.5,1.98715239805134,5.5,1.38925231536325,2,0
5.5,1.38925231536325,5,1.38925231536325,2,0
5,1.38925231536325,5,0,2,0
5.5,1.38925231536325,6,1.38925231536325,2,0
6,1.38925231536325,6,0,2,0
7.25,1.98715239805134,9,1.98715239805134,2,0
9,1.98715239805134,9,1.69847849222648,2,0
9,1.69847849222648,7.5,1.69847849222648,2,0
7.5,1.69847849222648,7.5,1.27757670494438,2,0
7.5,1.27757670494438,7,1.27757670494438,2,0
7,1.27757670494438,7,0,2,0
7.5,1.27757670494438,8,1.27757670494438,2,0
8,1.27757670494438,8,0,2,0
9,1.69847849222648,10.5,1.69847849222648,2,0
10.5,1.69847849222648,10.5,1.56107969757001,2,0
10.5,1.56107969757001,9.5,1.56107969757001,2,0
9.5,1.56107969757001,9.5,0.924411789338073,2,0
9.5,0.924411789338073,9,0.924411789338073,2,0
9,0.924411789338073,9,0,2,0
9.5,0.924411789338073,10,0.924411789338073,2,0
10,0.924411789338073,10,0,2,0
10.5,1.56107969757001,11.5,1.56107969757001,2,0
11.5,1.56107969757001,11.5,1.02086125040071,2,0
11.5,1.02086125040071,11,1.02086125040071,2,0
11,1.02086125040071,11,0,2,0
11.5,1.02086125040071,12,1.02086125040071,2,0
12,1.02086125040071,12,0,2,0
10.5625,2.93836041583677,13.875,2.93836041583677,2,0
13.875,2.93836041583677,13.875,2.1728109812734,2,0
13.875,2.1728109812734,13,2.1728109812734,2,0
13,2.1728109812734,13,0,2,0
13.875,2.1728109812734,14.75,2.1728109812734,2,0
14.75,2.1728109812734,14.75,1.51190350878988,2,0
14.75,1.51190350878988,14,1.51190350878988,2,0
14,1.51190350878988,14,0,2,0
14.75,1.51190350878988,15.5,1.51190350878988,2,0
15.5,1.51190350878988,15.5,1.1688506436244,2,0
15.5,1.1688506436244,15,1.1688506436244,2,0
15,1.1688506436244,15,0,2,0
15.5,1.1688506436244,16,1.1688506436244,2,0
16,1.1688506436244,16,0,2,0
16.625,4.54298046800149,22.6875,4.54298046800149,2,0
22.6875,4.54298046800149,22.6875,3.86171991482917,2,0
22.6875,3.86171991482917,20.125,3.86171991482917,2,0
20.125,3.86171991482917,20.125,2.6093794334186,2,0
20.125,2.6093794334186,18.5,2.6093794334186,2,0
18.5,2.6093794334186,18.5,1.73424874688298,2,0
18.5,1.73424874688298,17.5,1.73424874688298,2,0
17.5,1.73424874688298,17.5,1.12657635469863,2,0
17.5,1.12657635469863,17,1.12657635469863,2,0
17,1.12657635469863,17,0,2,0
17.5,1.12657635469863,18,1.12657635469863,2,0
18,1.12657635469863,18,0,2,0
18.5,1.73424874688298,19.5,1.73424874688298,2,0
19.5,1.73424874688298,19.5,1.23833489842853,2,0
19.5,1.23833489842853,19,1.23833489842853,2,0
19,1.23833489842853,19,0,2,0
19.5,1.23833489842853,20,1.23833489842853,2,0
20,1.23833489842853,20,0,2,0
20.125,2.6093794334186,21.75,2.6093794334186,2,0
21.75,2.6093794334186,21.75,2.35222127937718,2,0
21.75,2.35222127937718,21,2.35222127937718,2,0
21,2.35222127937718,21,0,2,0
21.75,2.35222127937718,22.5,2.35222127937718,2,0
22.5,2.35222127937718,22.5,1.88667625731005,2,0
22.5,1.88667625731005,22,1.88667625731005,2,0
22,1.88667625731005,22,0,2,0
22.5,1.88667625731005,23,1.88667625731005,2,0
23,1.88667625731005,23,0,2,0
22.6875,3.86171991482917,25.25,3.86171991482917,2,0
25.25,3.86171991482917,25.25,2.88006904030945,2,0
25.25,2.88006904030945,24,2.88006904030945,2,0
24,2.88006904030945,24,0,2,0
25.25,2.88006904030945,26.5,2.88006904030945,2,0
26.5,2.88006904030945,26.5,2.63480360343202,2,0
26.5,2.63480360343202,25.5,2.63480360343202,2,0
25.5,2.63480360343202,25.5,1.39226592932667,2,0
25.5,1.39226592932667,25,1.39226592932667,2,0
25,1.39226592932667,25,0,2,0
25.5,1.39226592932667,26,1.39226592932667,2,0
26,1.39226592932667,26,0,2,0
26.5,2.63480360343202,27.5,2.63480360343202,2,0
27.5,2.63480360343202,27.5,1.58914506045342,2,0
27.5,1.58914506045342,27,1.58914506045342,2,0
27,1.58914506045342,27,0,2,0
27.5,1.58914506045342,28,1.58914506045342,2,0
28,1.58914506045342,28,0,2,0
24.58203125,5.84073458649162,32.5390625,5.84073458649162,2,0
32.5390625,5.84073458649162,32.5390625,5.01471227633754,2,0
32.5390625,5.01471227633754,29,5.01471227633754,2,0
29,5.01471227633754,29,0,2,0
32.5390625,5.01471227633754,36.078125,5.01471227633754,2,0
36.078125,5.01471227633754,36.078125,3.99200512192323,2,0
36.078125,3.99200512192323,30.75,3.99200512192323,2,0
30.75,3.99200512192323,30.75,1.81756094497974,2,0
30.75,1.81756094497974,30,1.81756094497974,2,0
30,1.81756094497974,30,0,2,0
30.75,1.81756094497974,31.5,1.81756094497974,2,0
31.5,1.81756094497974,31.5,1.31677236666645,2,0
31.5,1.31677236666645,31,1.31677236666645,2,0
31,1.31677236666645,31,0,2,0
31.5,1.31677236666645,32,1.31677236666645,2,0
32,1.31677236666645,32,0,2,0
36.078125,3.99200512192323,41.40625,3.99200512192323,2,0
41.40625,3.99200512192323,41.40625,3.35301928245131,2,0
41.40625,3.35301928245131,38.1875,3.35301928245131,2,0
38.1875,3.35301928245131,38.1875,2.37972721363188,2,0
38.1875,2.37972721363188,35.625,2.37972721363188,2,0
35.625,2.37972721363188,35.625,1.67240500869418,2,0
35.625,1.67240500869418,33.75,1.67240500869418,2,0
33.75,1.67240500869418,33.75,1.27331961042447,2,0
33.75,1.27331961042447,33,1.27331961042447,2,0
33,1.27331961042447,33,0,2,0
33.75,1.27331961042447,34.5,1.27331961042447,2,0
34.5,1.27331961042447,34.5,0.649703653877407,2,0
34.5,0.649703653877407,34,0.649703653877407,2,0
34,0.649703653877407,34,0,2,0
34.5,0.649703653877407,35,0.649703653877407,2,0
35,0.649703653877407,35,0,2,0
35.625,1.67240500869418,37.5,1.67240500869418,2,0
37.5,1.67240500869418,37.5,1.56621245611956,2,0
37.5,1.56621245611956,36.5,1.56621245611956,2,0
36.5,1.56621245611956,36.5,0.94796498218915,2,0
36.5,0.94796498218915,36,0.94796498218915,2,0
36,0.94796498218915,36,0,2,0
36.5,0.94796498218915,37,0.94796498218915,2,0
37,0.94796498218915,37,0,2,0
37.5,1.56621245611956,38.5,1.56621245611956,2,0
38.5,1.56621245611956,38.5,1.11567821982961,2,0
38.5,1.11567821982961,38,1.11567821982961,2,0
38,1.11567821982961,38,0,2,0
38.5,1.11567821982961,39,1.11567821982961,2,0
39,1.11567821982961,39,0,2,0
38.1875,2.37972721363188,40.75,2.37972721363188,2,0
40.75,2.37972721363188,40.75,1.67503228005445,2,0
40.75,1.67503228005445,40,1.67503228005445,2,0
40,1.67503228005445,40,0,2,0
40.75,1.67503228005445,41.5,1.67503228005445,2,0
41.5,1.67503228005445,41.5,1.29326994789877,2,0
41.5,1.29326994789877,41,1.29326994789877,2,0
41,1.29326994789877,41,0,2,0
41.5,1.29326994789877,42,1.29326994789877,2,0
42,1.29326994789877,42,0,2,0
41.40625,3.35301928245131,44.625,3.35301928245131,2,0
44.625,3.35301928245131,44.625,3.14153944716978,2,0
44.625,3.14153944716978,43.5,3.14153944716978,2,0
43.5,3.14153944716978,43.5,1.75493124105177,2,0
43.5,1.75493124105177,43,1.75493124105177,2,0
43,1.75493124105177,43,0,2,0
43.5,1.75493124105177,44,1.75493124105177,2,0
44,1.75493124105177,44,0,2,0
44.625,3.14153944716978,45.75,3.14153944716978,2,0
45.75,3.14153944716978,45.75,2.42128716104259,2,0
45.75,2.42128716104259,45,2.42128716104259,2,0
45,2.42128716104259,45,0,2,0
45.75,2.42128716104259,46.5,2.42128716104259,2,0
46.5,2.42128716104259,46.5,1.16329900982086,2,0
46.5,1.16329900982086,46,1.16329900982086,2,0
46,1.16329900982086,46,0,2,0
46.5,1.16329900982086,47,1.16329900982086,2,0
47,1.16329900982086,47,0,2,0
130.008453369141,11.6815984888011,252.246398925781,11.6815984888011,0,1
252.246398925781,11.6815984888011,252.246398925781,9.37328901643679,0,1
252.246398925781,9.37328901643679,160.038208007812,9.37328901643679,1,0
160.038208007812,9.37328901643679,160.038208007812,7.44963713518997,1,0
160.038208007812,7.44963713518997,102.212890625,7.44963713518997,1,0
102.212890625,7.44963713518997,102.212890625,5.71451529231142,1,0
102.212890625,5.71451529231142,66.40625,5.71451529231142,1,0
66.40625,5.71451529231142,66.40625,4.72699893924064,1,0
66.40625,4.72699893924064,56.46875,4.72699893924064,1,0
56.46875,4.72699893924064,56.46875,3.84990435728553,1,0
56.46875,3.84990435728553,50.0625,3.84990435728553,1,0
50.0625,3.84990435728553,50.0625,2.78279416322964,1,0
50.0625,2.78279416322964,48.5,2.78279416322964,1,0
48.5,2.78279416322964,48.5,1.61331479239518,1,0
48.5,1.61331479239518,48,1.61331479239518,1,0
48,1.61331479239518,48,0,1,0
48.5,1.61331479239518,49,1.61331479239518,1,0
49,1.61331479239518,49,0,1,0
50.0625,2.78279416322964,51.625,2.78279416322964,1,0
51.625,2.78279416322964,51.625,2.22897187089438,1,0
51.625,2.22897187089438,50.5,2.22897187089438,1,0
50.5,2.22897187089438,50.5,1.08605727167187,1,0
50.5,1.08605727167187,50,1.08605727167187,1,0
50,1.08605727167187,50,0,1,0
50.5,1.08605727167187,51,1.08605727167187,1,0
51,1.08605727167187,51,0,1,0
51.625,2.22897187089438,52.75,2.22897187089438,1,0
52.75,2.22897187089438,52.75,1.91822466773839,1,0
52.75,1.91822466773839,52,1.91822466773839,1,0
52,1.91822466773839,52,0,1,0
52.75,1.91822466773839,53.5,1.91822466773839,1,0
53.5,1.91822466773839,53.5,1.29002214073067,1,0
53.5,1.29002214073067,53,1.29002214073067,1,0
53,1.29002214073067,53,0,1,0
53.5,1.29002214073067,54,1.29002214073067,1,0
54,1.29002214073067,54,0,1,0
56.46875,3.84990435728553,62.875,3.84990435728553,1,0
62.875,3.84990435728553,62.875,3.32389555327828,1,0
62.875,3.32389555327828,59.125,3.32389555327828,1,0
59.125,3.32389555327828,59.125,2.71820139548523,1,0
59.125,2.71820139548523,56.625,2.71820139548523,1,0
56.625,2.71820139548523,56.625,2.2002407191662,1,0
56.625,2.2002407191662,55.5,2.2002407191662,1,0
55.5,2.2002407191662,55.5,1.39025921707266,1,0
55.5,1.39025921707266,55,1.39025921707266,1,0
55,1.39025921707266,55,0,1,0
55.5,1.39025921707266,56,1.39025921707266,1,0
56,1.39025921707266,56,0,1,0
56.625,2.2002407191662,57.75,2.2002407191662,1,0
57.75,2.2002407191662,57.75,1.46916991988649,1,0
57.75,1.46916991988649,57,1.46916991988649,1,0
57,1.46916991988649,57,0,1,0
57.75,1.46916991988649,58.5,1.46916991988649,1,0
58.5,1.46916991988649,58.5,0.903563392773632,1,0
58.5,0.903563392773632,58,0.903563392773632,1,0
58,0.903563392773632,58,0,1,0
58.5,0.903563392773632,59,0.903563392773632,1,0
59,0.903563392773632,59,0,1,0
59.125,2.71820139548523,61.625,2.71820139548523,1,0
61.625,2.71820139548523,61.625,2.20567856409547,1,0
61.625,2.20567856409547,60.5,2.20567856409547,1,0
60.5,2.20567856409547,60.5,1.53157489404886,1,0
60.5,1.53157489404886,60,1.53157489404886,1,0
60,1.53157489404886,60,0,1,0
60.5,1.53157489404886,61,1.53157489404886,1,0
61,1.53157489404886,61,0,1,0
61.625,2.20567856409547,62.75,2.20567856409547,1,0
62.75,2.20567856409547,62.75,1.53484421110548,1,0
62.75,1.53484421110548,62,1.53484421110548,1,0
62,1.53484421110548,62,0,1,0
62.75,1.53484421110548,63.5,1.53484421110548,1,0
63.5,1.53484421110548,63.5,1.11893040487499,1,0
63.5,1.11893040487499,63,1.11893040487499,1,0
63,1.11893040487499,63,0,1,0
63.5,1.11893040487499,64,1.11893040487499,1,0
64,1.11893040487499,64,0,1,0
62.875,3.32389555327828,66.625,3.32389555327828,1,0
66.625,3.32389555327828,66.625,2.79929623492406,1,0
66.625,2.79929623492406,65.5,2.79929623492406,1,0
65.5,2.79929623492406,65.5,1.447309323087,1,0
65.5,1.447309323087,65,1.447309323087,1,0
65,1.447309323087,65,0,1,0
65.5,1.447309323087,66,1.447309323087,1,0
66,1.447309323087,66,0,1,0
66.625,2.79929623492406,67.75,2.79929623492406,1,0
67.75,2.79929623492406,67.75,1.73220004759977,1,0
67.75,1.73220004759977,67,1.73220004759977,1,0
67,1.73220004759977,67,0,1,0
67.75,1.73220004759977,68.5,1.73220004759977,1,0
68.5,1.73220004759977,68.5,1.09509500898667,1,0
68.5,1.09509500898667,68,1.09509500898667,1,0
68,1.09509500898667,68,0,1,0
68.5,1.09509500898667,69,1.09509500898667,1,0
69,1.09509500898667,69,0,1,0
66.40625,4.72699893924064,76.34375,4.72699893924064,1,0
76.34375,4.72699893924064,76.34375,4.00864153541433,1,0
76.34375,4.00864153541433,72.125,4.00864153541433,1,0
72.125,4.00864153541433,72.125,2.77732323353296,1,0
72.125,2.77732323353296,70.75,2.77732323353296,1,0
70.75,2.77732323353296,70.75,1.43552983295842,1,0
70.75,1.43552983295842,70,1.43552983295842,1,0
70,1.43552983295842,70,0,1,0
70.75,1.43552983295842,71.5,1.43552983295842,1,0
71.5,1.43552983295842,71.5,1.20214268666694,1,0
71.5,1.20214268666694,71,1.20214268666694,1,0
71,1.20214268666694,71,0,1,0
71.5,1.20214268666694,72,1.20214268666694,1,0
72,1.20214268666694,72,0,1,0
72.125,2.77732323353296,73.5,2.77732323353296,1,0
73.5,2.77732323353296,73.5,2.02757033011101,1,0
73.5,2.02757033011101,73,2.02757033011101,1,0
73,2.02757033011101,73,0,1,0
73.5,2.02757033011101,74,2.02757033011101,1,0
74,2.02757033011101,74,0,1,0
76.34375,4.00864153541433,80.5625,4.00864153541433,1,0
80.5625,4.00864153541433,80.5625,3.38880526718196,1,0
80.5625,3.38880526718196,76.625,3.38880526718196,1,0
76.625,3.38880526718196,76.625,2.21986242025858,1,0
76.625,2.21986242025858,75,2.21986242025858,1,0
75,2.21986242025858,75,0,1,0
76.625,2.21986242025858,78.25,2.21986242025858,1,0
78.25,2.21986242025858,78.25,1.84369518819342,1,0
78.25,1.84369518819342,76.75,1.84369518819342,1,0
76.75,1.84369518819342,76.75,1.39636710884506,1,0
76.75,1.39636710884506,76,1.39636710884506,1,0
76,1.39636710884506,76,0,1,0
76.75,1.39636710884506,77.5,1.39636710884506,1,0
77.5,1.39636710884506,77.5,0.51205070833779,1,0
77.5,0.51205070833779,77,0.51205070833779,1,0
77,0.51205070833779,77,0,1,0
77.5,0.51205070833779,78,0.51205070833779,1,0
78,0.51205070833779,78,0,1,0
78.25,1.84369518819342,79.75,1.84369518819342,1,0
79.75,1.84369518819342,79.75,1.55114186322914,1,0
79.75,1.55114186322914,79,1.55114186322914,1,0
79,1.55114186322914,79,0,1,0
79.75,1.55114186322914,80.5,1.55114186322914,1,0
80.5,1.55114186322914,80.5,0.995145048379905,1,0
80.5,0.995145048379905,80,0.995145048379905,1,0
80,0.995145048379905,80,0,1,0
80.5,0.995145048379905,81,0.995145048379905,1,0
81,0.995145048379905,81,0,1,0
80.5625,3.38880526718196,84.5,3.38880526718196,1,0
84.5,3.38880526718196,84.5,2.39155678389648,1,0
84.5,2.39155678389648,82.75,2.39155678389648,1,0
82.75,2.39155678389648,82.75,1.17096072497896,1,0
82.75,1.17096072497896,82,1.17096072497896,1,0
82,1.17096072497896,82,0,1,0
82.75,1.17096072497896,83.5,1.17096072497896,1,0
83.5,1.17096072497896,83.5,1.01742468004332,1,0
83.5,1.01742468004332,83,1.01742468004332,1,0
83,1.01742468004332,83,0,1,0
83.5,1.01742468004332,84,1.01742468004332,1,0
84,1.01742468004332,84,0,1,0
84.5,2.39155678389648,86.25,2.39155678389648,1,0
86.25,2.39155678389648,86.25,1.77896330388994,1,0
86.25,1.77896330388994,85,1.77896330388994,1,0
85,1.77896330388994,85,0,1,0
86.25,1.77896330388994,87.5,1.77896330388994,1,0
87.5,1.77896330388994,87.5,1.61046384695469,1,0
87.5,1.61046384695469,86.5,1.61046384695469,1,0
86.5,1.61046384695469,86.5,0.847625871790059,1,0
86.5,0.847625871790059,86,0.847625871790059,1,0
86,0.847625871790059,86,0,1,0
86.5,0.847625871790059,87,0.847625871790059,1,0
87,0.847625871790059,87,0,1,0
87.5,1.61046384695469,88.5,1.61046384695469,1,0
88.5,1.61046384695469,88.5,1.21063885504596,1,0
88.5,1.21063885504596,88,1.21063885504596,1,0
88,1.21063885504596,88,0,1,0
88.5,1.21063885504596,89,1.21063885504596,1,0
89,1.21063885504596,89,0,1,0
102.212890625,5.71451529231142,138.01953125,5.71451529231142,1,0
138.01953125,5.71451529231142,138.01953125,5.55592318412649,1,0
138.01953125,5.55592318412649,113.51171875,5.55592318412649,1,0
113.51171875,5.55592318412649,113.51171875,4.34163143368357,1,0
113.51171875,4.34163143368357,97.234375,4.34163143368357,1,0
97.234375,4.34163143368357,97.234375,3.45781594107696,1,0
97.234375,3.45781594107696,92.6875,3.45781594107696,1,0
92.6875,3.45781594107696,92.6875,2.15771004082332,1,0
92.6875,2.15771004082332,90.75,2.15771004082332,1,0
90.75,2.15771004082332,90.75,1.55104432224777,1,0
90.75,1.55104432224777,90,1.55104432224777,1,0
90,1.55104432224777,90,0,1,0
90.75,1.55104432224777,91.5,1.55104432224777,1,0
91.5,1.55104432224777,91.5,1.05985235480962,1,0
91.5,1.05985235480962,91,1.05985235480962,1,0
91,1.05985235480962,91,0,1,0
91.5,1.05985235480962,92,1.05985235480962,1,0
92,1.05985235480962,92,0,1,0
92.6875,2.15771004082332,94.625,2.15771004082332,1,0
94.625,2.15771004082332,94.625,1.78656738220804,1,0
94.625,1.78656738220804,93.5,1.78656738220804,1,0
93.5,1.78656738220804,93.5,1.24167087556905,1,0
93.5,1.24167087556905,93,1.24167087556905,1,0
93,1.24167087556905,93,0,1,0
93.5,1.24167087556905,94,1.24167087556905,1,0
94,1.24167087556905,94,0,1,0
94.625,1.78656738220804,95.75,1.78656738220804,1,0
95.75,1.78656738220804,95.75,1.43948622629925,1,0
95.75,1.43948622629925,95,1.43948622629925,1,0
95,1.43948622629925,95,0,1,0
95.75,1.43948622629925,96.5,1.43948622629925,1,0
96.5,1.43948622629925,96.5,0.924495030647214,1,0
96.5,0.924495030647214,96,0.924495030647214,1,0
96,0.924495030647214,96,0,1,0
96.5,0.924495030647214,97,0.924495030647214,1,0
97,0.924495030647214,97,0,1,0
97.234375,3.45781594107696,101.78125,3.45781594107696,1,0
101.78125,3.45781594107696,101.78125,2.75701834057736,1,0
101.78125,2.75701834057736,98.875,2.75701834057736,1,0
98.875,2.75701834057736,98.875,1.85566196056402,1,0
98.875,1.85566196056402,98,1.85566196056402,1,0
98,1.85566196056402,98,0,1,0
98.875,1.85566196056402,99.75,1.85566196056402,1,0
99.75,1.85566196056402,99.75,1.59723957081532,1,0
99.75,1.59723957081532,99,1.59723957081532,1,0
99,1.59723957081532,99,0,1,0
99.75,1.59723957081532,100.5,1.59723957081532,1,0
100.5,1.59723957081532,100.5,0.839344082389225,1,0
100.5,0.839344082389225,100,0.839344082389225,1,0
100,0.839344082389225,100,0,1,0
100.5,0.839344082389225,101,0.839344082389225,1,0
101,0.839344082389225,101,0,1,0
101.78125,2.75701834057736,104.6875,2.75701834057736,1,0
104.6875,2.75701834057736,104.6875,2.04208689257419,1,0
104.6875,2.04208689257419,102.75,2.04208689257419,1,0
102.75,2.04208689257419,102.75,1.360911072142,1,0
102.75,1.360911072142,102,1.360911072142,1,0
102,1.360911072142,102,0,1,0
102.75,1.360911072142,103.5,1.360911072142,1,0
103.5,1.360911072142,103.5,0.990867870554962,1,0
103.5,0.990867870554962,103,0.990867870554962,1,0
103,0.990867870554962,103,0,1,0
103.5,0.990867870554962,104,0.990867870554962,1,0
104,0.990867870554962,104,0,1,0
104.6875,2.04208689257419,106.625,2.04208689257419,1,0
106.625,2.04208689257419,106.625,1.72084727805704,1,0
106.625,1.72084727805704,105.5,1.72084727805704,1,0
105.5,1.72084727805704,105.5,1.16195341685636,1,0
105.5,1.16195341685636,105,1.16195341685636,1,0
105,1.16195341685636,105,0,1,0
105.5,1.16195341685636,106,1.16195341685636,1,0
106,1.16195341685636,106,0,1,0
106.625,1.72084727805704,107.75,1.72084727805704,1,0
107.75,1.72084727805704,107.75,1.22500056865568,1,0
107.75,1.22500056865568,107,1.22500056865568,1,0
107,1.22500056865568,107,0,1,0
107.75,1.22500056865568,108.5,1.22500056865568,1,0
108.5,1.22500056865568,108.5,0.657361559979895,1,0
108.5,0.657361559979895,108,0.657361559979895,1,0
108,0.657361559979895,108,0,1,0
108.5,0.657361559979895,109,0.657361559979895,1,0
109,0.657361559979895,109,0,1,0
113.51171875,4.34163143368357,129.7890625,4.34163143368357,1,0
129.7890625,4.34163143368357,129.7890625,3.80616741424142,1,0
129.7890625,3.80616741424142,121.65625,3.80616741424142,1,0
121.65625,3.80616741424142,121.65625,2.91615133096627,1,0
121.65625,2.91615133096627,115.8125,2.91615133096627,1,0
115.8125,2.91615133096627,115.8125,2.54574031268207,1,0
115.8125,2.54574031268207,112.3125,2.54574031268207,1,0
112.3125,2.54574031268207,112.3125,1.8507031400164,1,0
112.3125,1.8507031400164,110.5,1.8507031400164,1,0
110.5,1.8507031400164,110.5,1.30134172188241,1,0
110.5,1.30134172188241,110,1.30134172188241,1,0
110,1.30134172188241,110,0,1,0
110.5,1.30134172188241,111,1.30134172188241,1,0
111,1.30134172188241,111,0,1,0
112.3125,1.8507031400164,114.125,1.8507031400164,1,0
114.125,1.8507031400164,114.125,1.76817190003642,1,0
114.125,1.76817190003642,112.75,1.76817190003642,1,0
112.75,1.76817190003642,112.75,1.0060133086996,1,0
112.75,1.0060133086996,112,1.0060133086996,1,0
112,1.0060133086996,112,0,1,0
112.75,1.0060133086996,113.5,1.0060133086996,1,0
113.5,1.0060133086996,113.5,0.666469762126386,1,0
113.5,0.666469762126386,113,0.666469762126386,1,0
113,0.666469762126386,113,0,1,0
113.5,0.666469762126386,114,0.666469762126386,1,0
114,0.666469762126386,114,0,1,0
114.125,1.76817190003642,115.5,1.76817190003642,1,0
115.5,1.76817190003642,115.5,1.0657232200436,1,0
115.5,1.0657232200436,115,1.0657232200436,1,0
115,1.0657232200436,115,0,1,0
115.5,1.0657232200436,116,1.0657232200436,1,0
116,1.0657232200436,116,0,1,0
115.8125,2.54574031268207,119.3125,2.54574031268207,1,0
119.3125,2.54574031268207,119.3125,2.16596034882726,1,0
119.3125,2.16596034882726,117.75,2.16596034882726,1,0
117.75,2.16596034882726,117.75,1.51540869994635,1,0
117.75,1.51540869994635,117,1.51540869994635,1,0
117,1.51540869994635,117,0,1,0
117.75,1.51540869994635,118.5,1.51540869994635,1,0
118.5,1.51540869994635,118.5,1.06653504998625,1,0
118.5,1.06653504998625,118,1.06653504998625,1,0
118,1.06653504998625,118,0,1,0
118.5,1.06653504998625,119,1.06653504998625,1,0
119,1.06653504998625,119,0,1,0
119.3125,2.16596034882726,120.875,2.16596034882726,1,0
120.875,2.16596034882726,120.875,1.68605501901708,1,0
120.875,1.68605501901708,120,1.68605501901708,1,0
120,1.68605501901708,120,0,1,0
120.875,1.68605501901708,121.75,1.68605501901708,1,0
121.75,1.68605501901708,121.75,1.37409671733536,1,0
121.75,1.37409671733536,121,1.37409671733536,1,0
121,1.37409671733536,121,0,1,0
121.75,1.37409671733536,122.5,1.37409671733536,1,0
122.5,1.37409671733536,122.5,0.862279208595856,1,0
122.5,0.862279208595856,122,0.862279208595856,1,0
122,0.862279208595856,122,0,1,0
122.5,0.862279208595856,123,0.862279208595856,1,0
123,0.862279208595856,123,0,1,0
121.65625,2.91615133096627,127.5,2.91615133096627,1,0
127.5,2.91615133096627,127.5,2.66562189120972,1,0
127.5,2.66562189120972,125.5,2.66562189120972,1,0
125.5,2.66562189120972,125.5,1.4719011120756,1,0
125.5,1.4719011120756,124.5,1.4719011120756,1,0
124.5,1.4719011120756,124.5,0.743263488615863,1,0
124.5,0.743263488615863,124,0.743263488615863,1,0
124,0.743263488615863,124,0,1,0
124.5,0.743263488615863,125,0.743263488615863,1,0
125,0.743263488615863,125,0,1,0
125.5,1.4719011120756,126.5,1.4719011120756,1,0
126.5,1.4719011120756,126.5,0.90639847877474,1,0
126.5,0.90639847877474,126,0.90639847877474,1,0
126,0.90639847877474,126,0,1,0
126.5,0.90639847877474,127,0.90639847877474,1,0
127,0.90639847877474,127,0,1,0
127.5,2.66562189120972,129.5,2.66562189120972,1,0
129.5,2.66562189120972,129.5,1.78999436333315,1,0
129.5,1.78999436333315,128.5,1.78999436333315,1,0
128.5,1.78999436333315,128.5,0.977704424186268,1,0
128.5,0.977704424186268,128,0.977704424186268,1,0
128,0.977704424186268,128,0,1,0
128.5,0.977704424186268,129,0.977704424186268,1,0
129,0.977704424186268,129,0,1,0
129.5,1.78999436333315,130.5,1.78999436333315,1,0
130.5,1.78999436333315,130.5,1.32492679851445,1,0
130.5,1.32492679851445,130,1.32492679851445,1,0
130,1.32492679851445,130,0,1,0
130.5,1.32492679851445,131,1.32492679851445,1,0
131,1.32492679851445,131,0,1,0
129.7890625,3.80616741424142,137.921875,3.80616741424142,1,0
137.921875,3.80616741424142,137.921875,3.00202447406646,1,0
137.921875,3.00202447406646,134.0625,3.00202447406646,1,0
134.0625,3.00202447406646,134.0625,2.35181359832194,1,0
134.0625,2.35181359832194,132.5,2.35181359832194,1,0
132.5,2.35181359832194,132.5,1.23063815095053,1,0
132.5,1.23063815095053,132,1.23063815095053,1,0
132,1.23063815095053,132,0,1,0
132.5,1.23063815095053,133,1.23063815095053,1,0
133,1.23063815095053,133,0,1,0
134.0625,2.35181359832194,135.625,2.35181359832194,1,0
135.625,2.35181359832194,135.625,1.54721851546925,1,0
135.625,1.54721851546925,134.5,1.54721851546925,1,0
134.5,1.54721851546925,134.5,0.664490294820444,1,0
134.5,0.664490294820444,134,0.664490294820444,1,0
134,0.664490294820444,134,0,1,0
134.5,0.664490294820444,135,0.664490294820444,1,0
135,0.664490294820444,135,0,1,0
135.625,1.54721851546925,136.75,1.54721851546925,1,0
136.75,1.54721851546925,136.75,1.35613067653583,1,0
136.75,1.35613067653583,136,1.35613067653583,1,0
136,1.35613067653583,136,0,1,0
136.75,1.35613067653583,137.5,1.35613067653583,1,0
137.5,1.35613067653583,137.5,1.00664045694526,1,0
137.5,1.00664045694526,137,1.00664045694526,1,0
137,1.00664045694526,137,0,1,0
137.5,1.00664045694526,138,1.00664045694526,1,0
138,1.00664045694526,138,0,1,0
137.921875,3.00202447406646,141.78125,3.00202447406646,1,0
141.78125,3.00202447406646,141.78125,2.52880022616817,1,0
141.78125,2.52880022616817,139.5,2.52880022616817,1,0
139.5,2.52880022616817,139.5,1.78698172554486,1,0
139.5,1.78698172554486,139,1.78698172554486,1,0
139,1.78698172554486,139,0,1,0
139.5,1.78698172554486,140,1.78698172554486,1,0
140,1.78698172554486,140,0,1,0
141.78125,2.52880022616817,144.0625,2.52880022616817,1,0
144.0625,2.52880022616817,144.0625,1.9323686620058,1,0
144.0625,1.9323686620058,141.875,1.9323686620058,1,0
141.875,1.9323686620058,141.875,1.28065905535169,1,0
141.875,1.28065905535169,141,1.28065905535169,1,0
141,1.28065905535169,141,0,1,0
141.875,1.28065905535169,142.75,1.28065905535169,1,0
142.75,1.28065905535169,142.75,0.971999869236015,1,0
142.75,0.971999869236015,142,0.971999869236015,1,0
142,0.971999869236015,142,0,1,0
142.75,0.971999869236015,143.5,0.971999869236015,1,0
143.5,0.971999869236015,143.5,0.597591446376256,1,0
143.5,0.597591446376256,143,0.597591446376256,1,0
143,0.597591446376256,143,0,1,0
143.5,0.597591446376256,144,0.597591446376256,1,0
144,0.597591446376256,144,0,1,0
144.0625,1.9323686620058,146.25,1.9323686620058,1,0
146.25,1.9323686620058,146.25,1.71710698708097,1,0
146.25,1.71710698708097,145,1.71710698708097,1,0
145,1.71710698708097,145,0,1,0
146.25,1.71710698708097,147.5,1.71710698708097,1,0
147.5,1.71710698708097,147.5,1.4901240506757,1,0
147.5,1.4901240506757,146.5,1.4901240506757,1,0
146.5,1.4901240506757,146.5,0.647175114779835,1,0
146.5,0.647175114779835,146,0.647175114779835,1,0
146,0.647175114779835,146,0,1,0
146.5,0.647175114779835,147,0.647175114779835,1,0
147,0.647175114779835,147,0,1,0
147.5,1.4901240506757,148.5,1.4901240506757,1,0
148.5,1.4901240506757,148.5,1.01716952206799,1,0
148.5,1.01716952206799,148,1.01716952206799,1,0
148,1.01716952206799,148,0,1,0
148.5,1.01716952206799,149,1.01716952206799,1,0
149,1.01716952206799,149,0,1,0
138.01953125,5.55592318412649,162.52734375,5.55592318412649,1,0
162.52734375,5.55592318412649,162.52734375,4.6438352065328,1,0
162.52734375,4.6438352065328,154.40625,4.6438352065328,1,0
154.40625,4.6438352065328,154.40625,3.26093269356013,1,0
154.40625,3.26093269356013,150.9375,3.26093269356013,1,0
150.9375,3.26093269356013,150.9375,2.37116503191933,1,0
150.9375,2.37116503191933,150,2.37116503191933,1,0
150,2.37116503191933,150,0,1,0
150.9375,2.37116503191933,151.875,2.37116503191933,1,0
151.875,2.37116503191933,151.875,1.94370086436439,1,0
151.875,1.94370086436439,151,1.94370086436439,1,0
151,1.94370086436439,151,0,1,0
151.875,1.94370086436439,152.75,1.94370086436439,1,0
152.75,1.94370086436439,152.75,1.81693357445511,1,0
152.75,1.81693357445511,152,1.81693357445511,1,0
152,1.81693357445511,152,0,1,0
152.75,1.81693357445511,153.5,1.81693357445511,1,0
153.5,1.81693357445511,153.5,1.67499235188944,1,0
153.5,1.67499235188944,153,1.67499235188944,1,0
153,1.67499235188944,153,0,1,0
153.5,1.67499235188944,154,1.67499235188944,1,0
154,1.67499235188944,154,0,1,0
154.40625,3.26093269356013,157.875,3.26093269356013,1,0
157.875,3.26093269356013,157.875,2.93254037754711,1,0
157.875,2.93254037754711,155.75,2.93254037754711,1,0
155.75,2.93254037754711,155.75,1.48349863750653,1,0
155.75,1.48349863750653,155,1.48349863750653,1,0
155,1.48349863750653,155,0,1,0
155.75,1.48349863750653,156.5,1.48349863750653,1,0
156.5,1.48349863750653,156.5,1.40214809614121,1,0
156.5,1.40214809614121,156,1.40214809614121,1,0
156,1.40214809614121,156,0,1,0
156.5,1.40214809614121,157,1.40214809614121,1,0
157,1.40214809614121,157,0,1,0
157.875,2.93254037754711,160,2.93254037754711,1,0
160,2.93254037754711,160,2.14262996670946,1,0
160,2.14262996670946,158.5,2.14262996670946,1,0
158.5,2.14262996670946,158.5,0.927221911871971,1,0
158.5,0.927221911871971,158,0.927221911871971,1,0
158,0.927221911871971,158,0,1,0
158.5,0.927221911871971,159,0.927221911871971,1,0
159,0.927221911871971,159,0,1,0
160,2.14262996670946,161.5,2.14262996670946,1,0
161.5,2.14262996670946,161.5,1.63271912797878,1,0
161.5,1.63271912797878,160.5,1.63271912797878,1,0
160.5,1.63271912797878,160.5,0.906573973705039,1,0
160.5,0.906573973705039,160,0.906573973705039,1,0
160,0.906573973705039,160,0,1,0
160.5,0.906573973705039,161,0.906573973705039,1,0
161,0.906573973705039,161,0,1,0
161.5,1.63271912797878,162.5,1.63271912797878,1,0
162.5,1.63271912797878,162.5,1.00401305472958,1,0
162.5,1.00401305472958,162,1.00401305472958,1,0
162,1.00401305472958,162,0,1,0
162.5,1.00401305472958,163,1.00401305472958,1,0
163,1.00401305472958,163,0,1,0
162.52734375,4.6438352065328,170.6484375,4.6438352065328,1,0
170.6484375,4.6438352065328,170.6484375,3.96025558674557,1,0
170.6484375,3.96025558674557,166.28125,3.96025558674557,1,0
166.28125,3.96025558674557,166.28125,2.76813664841508,1,0
166.28125,2.76813664841508,164.5,2.76813664841508,1,0
164.5,2.76813664841508,164.5,1.54350200233482,1,0
164.5,1.54350200233482,164,1.54350200233482,1,0
164,1.54350200233482,164,0,1,0
164.5,1.54350200233482,165,1.54350200233482,1,0
165,1.54350200233482,165,0,1,0
166.28125,2.76813664841508,168.0625,2.76813664841508,1,0
168.0625,2.76813664841508,168.0625,2.33678504514185,1,0
168.0625,2.33678504514185,166.5,2.33678504514185,1,0
166.5,2.33678504514185,166.5,0.727375737556545,1,0
166.5,0.727375737556545,166,0.727375737556545,1,0
166,0.727375737556545,166,0,1,0
166.5,0.727375737556545,167,0.727375737556545,1,0
167,0.727375737556545,167,0,1,0
168.0625,2.33678504514185,169.625,2.33678504514185,1,0
169.625,2.33678504514185,169.625,1.60788482120852,1,0
169.625,1.60788482120852,168.5,1.60788482120852,1,0
168.5,1.60788482120852,168.5,1.04953385043978,1,0
168.5,1.04953385043978,168,1.04953385043978,1,0
168,1.04953385043978,168,0,1,0
168.5,1.04953385043978,169,1.04953385043978,1,0
169,1.04953385043978,169,0,1,0
169.625,1.60788482120852,170.75,1.60788482120852,1,0
170.75,1.60788482120852,170.75,1.54817055564837,1,0
170.75,1.54817055564837,170,1.54817055564837,1,0
170,1.54817055564837,170,0,1,0
170.75,1.54817055564837,171.5,1.54817055564837,1,0
171.5,1.54817055564837,171.5,0.799582478760758,1,0
171.5,0.799582478760758,171,0.799582478760758,1,0
171,0.799582478760758,171,0,1,0
171.5,0.799582478760758,172,0.799582478760758,1,0
172,0.799582478760758,172,0,1,0
170.6484375,3.96025558674557,175.015625,3.96025558674557,1,0
175.015625,3.96025558674557,175.015625,3.44100292688415,1,0
175.015625,3.44100292688415,173.5,3.44100292688415,1,0
173.5,3.44100292688415,173.5,1.70317152110693,1,0
173.5,1.70317152110693,173,1.70317152110693,1,0
173,1.70317152110693,173,0,1,0
173.5,1.70317152110693,174,1.70317152110693,1,0
174,1.70317152110693,174,0,1,0
175.015625,3.44100292688415,176.53125,3.44100292688415,1,0
176.53125,3.44100292688415,176.53125,2.9820921899651,1,0
176.53125,2.9820921899651,175,2.9820921899651,1,0
175,2.9820921899651,175,0,1,0
176.53125,2.9820921899651,178.0625,2.9820921899651,1,0
178.0625,2.9820921899651,178.0625,2.06010978305462,1,0
178.0625,2.06010978305462,176.5,2.06010978305462,1,0
176.5,2.06010978305462,176.5,0.986982120097976,1,0
176.5,0.986982120097976,176,0.986982120097976,1,0
176,0.986982120097976,176,0,1,0
176.5,0.986982120097976,177,0.986982120097976,1,0
177,0.986982120097976,177,0,1,0
178.0625,2.06010978305462,179.625,2.06010978305462,1,0
179.625,2.06010978305462,179.625,1.70712150055838,1,0
179.625,1.70712150055838,178.5,1.70712150055838,1,0
178.5,1.70712150055838,178.5,1.11489027725834,1,0
178.5,1.11489027725834,178,1.11489027725834,1,0
178,1.11489027725834,178,0,1,0
178.5,1.11489027725834,179,1.11489027725834,1,0
179,1.11489027725834,179,0,1,0
179.625,1.70712150055838,180.75,1.70712150055838,1,0
180.75,1.70712150055838,180.75,1.18158188133921,1,0
180.75,1.18158188133921,180,1.18158188133921,1,0
180,1.18158188133921,180,0,1,0
180.75,1.18158188133921,181.5,1.18158188133921,1,0
181.5,1.18158188133921,181.5,0.721750149870338,1,0
181.5,0.721750149870338,181,0.721750149870338,1,0
181,0.721750149870338,181,0,1,0
181.5,0.721750149870338,182,0.721750149870338,1,0
182,0.721750149870338,182,0,1,0
160.038208007812,7.44963713518997,217.863525390625,7.44963713518997,1,0
217.863525390625,7.44963713518997,217.863525390625,7.33998334120523,1,0
217.863525390625,7.33998334120523,188.3046875,7.33998334120523,1,0
188.3046875,7.33998334120523,188.3046875,5.62561203872919,1,0
188.3046875,5.62561203872919,184.625,5.62561203872919,1,0
184.625,5.62561203872919,184.625,3.78338934029265,1,0
184.625,3.78338934029265,183.5,3.78338934029265,1,0
183.5,3.78338934029265,183.5,2.22675489936378,1,0
183.5,2.22675489936378,183,2.22675489936378,1,0
183,2.22675489936378,183,0,1,0
183.5,2.22675489936378,184,2.22675489936378,1,0
184,2.22675489936378,184,0,1,0
184.625,3.78338934029265,185.75,3.78338934029265,1,0
185.75,3.78338934029265,185.75,2.78587084709483,1,0
185.75,2.78587084709483,185,2.78587084709483,1,0
185,2.78587084709483,185,0,1,0
185.75,2.78587084709483,186.5,2.78587084709483,1,0
186.5,2.78587084709483,186.5,1.54521209893492,1,0
186.5,1.54521209893492,186,1.54521209893492,1,0
186,1.54521209893492,186,0,1,0
186.5,1.54521209893492,187,1.54521209893492,1,0
187,1.54521209893492,187,0,1,0
188.3046875,5.62561203872919,191.984375,5.62561203872919,1,0
191.984375,5.62561203872919,191.984375,4.97310319727032,1,0
191.984375,4.97310319727032,188.5,4.97310319727032,1,0
188.5,4.97310319727032,188.5,2.00001784156138,1,0
188.5,2.00001784156138,188,2.00001784156138,1,0
188,2.00001784156138,188,0,1,0
188.5,2.00001784156138,189,2.00001784156138,1,0
189,2.00001784156138,189,0,1,0
191.984375,4.97310319727032,195.46875,4.97310319727032,1,0
195.46875,4.97310319727032,195.46875,4.50741748936149,1,0
195.46875,4.50741748936149,191.625,4.50741748936149,1,0
191.625,4.50741748936149,191.625,2.92352688983461,1,0
191.625,2.92352688983461,190.5,2.92352688983461,1,0
190.5,2.92352688983461,190.5,2.09851695599976,1,0
190.5,2.09851695599976,190,2.09851695599976,1,0
190,2.09851695599976,190,0,1,0
190.5,2.09851695599976,191,2.09851695599976,1,0
191,2.09851695599976,191,0,1,0
191.625,2.92352688983461,192.75,2.92352688983461,1,0
192.75,2.92352688983461,192.75,2.47171353119202,1,0
192.75,2.47171353119202,192,2.47171353119202,1,0
192,2.47171353119202,192,0,1,0
192.75,2.47171353119202,193.5,2.47171353119202,1,0
193.5,2.47171353119202,193.5,1.672242381262,1,0
193.5,1.672242381262,193,1.672242381262,1,0
193,1.672242381262,193,0,1,0
193.5,1.672242381262,194,1.672242381262,1,0
194,1.672242381262,194,0,1,0
195.46875,4.50741748936149,199.3125,4.50741748936149,1,0
199.3125,4.50741748936149,199.3125,3.36879934806383,1,0
199.3125,3.36879934806383,197.125,3.36879934806383,1,0
197.125,3.36879934806383,197.125,2.26855428139686,1,0
197.125,2.26855428139686,195.75,2.26855428139686,1,0
195.75,2.26855428139686,195.75,1.53633912630085,1,0
195.75,1.53633912630085,195,1.53633912630085,1,0
195,1.53633912630085,195,0,1,0
195.75,1.53633912630085,196.5,1.53633912630085,1,0
196.5,1.53633912630085,196.5,1.28902934421517,1,0
196.5,1.28902934421517,196,1.28902934421517,1,0
196,1.28902934421517,196,0,1,0
196.5,1.28902934421517,197,1.28902934421517,1,0
197,1.28902934421517,197,0,1,0
197.125,2.26855428139686,198.5,2.26855428139686,1,0
198.5,2.26855428139686,198.5,1.62216444321974,1,0
198.5,1.62216444321974,198,1.62216444321974,1,0
198,1.62216444321974,198,0,1,0
198.5,1.62216444321974,199,1.62216444321974,1,0
199,1.62216444321974,199,0,1,0
199.3125,3.36879934806383,201.5,3.36879934806383,1,0
201.5,3.36879934806383,201.5,2.63261514526313,1,0
201.5,2.63261514526313,200.5,2.63261514526313,1,0
200.5,2.63261514526313,200.5,1.33287945191479,1,0
200.5,1.33287945191479,200,1.33287945191479,1,0
200,1.33287945191479,200,0,1,0
200.5,1.33287945191479,201,1.33287945191479,1,0
201,1.33287945191479,201,0,1,0
201.5,2.63261514526313,202.5,2.63261514526313,1,0
202.5,2.63261514526313,202.5,1.89046030135733,1,0
202.5,1.89046030135733,202,1.89046030135733,1,0
202,1.89046030135733,202,0,1,0
202.5,1.89046030135733,203,1.89046030135733,1,0
203,1.89046030135733,203,0,1,0
217.863525390625,7.33998334120523,247.42236328125,7.33998334120523,1,0
247.42236328125,7.33998334120523,247.42236328125,6.4772089268233,1,0
247.42236328125,6.4772089268233,219.068359375,6.4772089268233,1,0
219.068359375,6.4772089268233,219.068359375,4.42018001585556,1,0
219.068359375,4.42018001585556,209.51171875,4.42018001585556,1,0
209.51171875,4.42018001585556,209.51171875,3.978700867565,1,0
209.51171875,3.978700867565,205.625,3.978700867565,1,0
205.625,3.978700867565,205.625,2.79009774450775,1,0
205.625,2.79009774450775,204.5,2.79009774450775,1,0
204.5,2.79009774450775,204.5,1.49038507685515,1,0
204.5,1.49038507685515,204,1.49038507685515,1,0
204,1.49038507685515,204,0,1,0
204.5,1.49038507685515,205,1.49038507685515,1,0
205,1.49038507685515,205,0,1,0
205.625,2.79009774450775,206.75,2.79009774450775,1,0
206.75,2.79009774450775,206.75,1.90629211307674,1,0
206.75,1.90629211307674,206,1.90629211307674,1,0
206,1.90629211307674,206,0,1,0
206.75,1.90629211307674,207.5,1.90629211307674,1,0
207.5,1.90629211307674,207.5,1.60606348297688,1,0
207.5,1.60606348297688,207,1.60606348297688,1,0
207,1.60606348297688,207,0,1,0
207.5,1.60606348297688,208,1.60606348297688,1,0
208,1.60606348297688,208,0,1,0
209.51171875,3.978700867565,213.3984375,3.978700867565,1,0
213.3984375,3.978700867565,213.3984375,3.33383063236157,1,0
213.3984375,3.33383063236157,209.875,3.33383063236157,1,0
209.875,3.33383063236157,209.875,2.48151175315701,1,0
209.875,2.48151175315701,209,2.48151175315701,1,0
209,2.48151175315701,209,0,1,0
209.875,2.48151175315701,210.75,2.48151175315701,1,0
210.75,2.48151175315701,210.75,1.51022721825572,1,0
210.75,1.51022721825572,210,1.51022721825572,1,0
210,1.51022721825572,210,0,1,0
210.75,1.51022721825572,211.5,1.51022721825572,1,0
211.5,1.51022721825572,211.5,1.1375850988049,1,0
211.5,1.1375850988049,211,1.1375850988049,1,0
211,1.1375850988049,211,0,1,0
211.5,1.1375850988049,212,1.1375850988049,1,0
212,1.1375850988049,212,0,1,0
213.3984375,3.33383063236157,216.921875,3.33383063236157,1,0
216.921875,3.33383063236157,216.921875,2.6383679554987,1,0
216.921875,2.6383679554987,213.96875,2.6383679554987,1,0
213.96875,2.6383679554987,213.96875,1.78326030640903,1,0
213.96875,1.78326030640903,213,1.78326030640903,1,0
213,1.78326030640903,213,0,1,0
213.96875,1.78326030640903,214.9375,1.78326030640903,1,0
214.9375,1.78326030640903,214.9375,1.54155410749285,1,0
214.9375,1.54155410749285,214,1.54155410749285,1,0
214,1.54155410749285,214,0,1,0
214.9375,1.54155410749285,215.875,1.54155410749285,1,0
215.875,1.54155410749285,215.875,1.34742701254413,1,0
215.875,1.34742701254413,215,1.34742701254413,1,0
215,1.34742701254413,215,0,1,0
215.875,1.34742701254413,216.75,1.34742701254413,1,0
216.75,1.34742701254413,216.75,1.21660690502654,1,0
216.75,1.21660690502654,216,1.21660690502654,1,0
216,1.21660690502654,216,0,1,0
216.75,1.21660690502654,217.5,1.21660690502654,1,0
217.5,1.21660690502654,217.5,0.775472348445253,1,0
217.5,0.775472348445253,217,0.775472348445253,1,0
217,0.775472348445253,217,0,1,0
217.5,0.775472348445253,218,0.775472348445253,1,0
218,0.775472348445253,218,0,1,0
216.921875,2.6383679554987,219.875,2.6383679554987,1,0
219.875,2.6383679554987,219.875,2.0008799623572,1,0
219.875,2.0008799623572,219,2.0008799623572,1,0
219,2.0008799623572,219,0,1,0
219.875,2.0008799623572,220.75,2.0008799623572,1,0
220.75,2.0008799623572,220.75,1.47773147050396,1,0
220.75,1.47773147050396,220,1.47773147050396,1,0
220,1.47773147050396,220,0,1,0
220.75,1.47773147050396,221.5,1.47773147050396,1,0
221.5,1.47773147050396,221.5,0.924135814720022,1,0
221.5,0.924135814720022,221,0.924135814720022,1,0
221,0.924135814720022,221,0,1,0
221.5,0.924135814720022,222,0.924135814720022,1,0
222,0.924135814720022,222,0,1,0
219.068359375,4.42018001585556,228.625,4.42018001585556,1,0
228.625,4.42018001585556,228.625,4.20653757086596,1,0
228.625,4.20653757086596,224.625,4.20653757086596,1,0
224.625,4.20653757086596,224.625,3.08477101855635,1,0
224.625,3.08477101855635,223.5,3.08477101855635,1,0
223.5,3.08477101855635,223.5,1.85295730667474,1,0
223.5,1.85295730667474,223,1.85295730667474,1,0
223,1.85295730667474,223,0,1,0
223.5,1.85295730667474,224,1.85295730667474,1,0
224,1.85295730667474,224,0,1,0
224.625,3.08477101855635,225.75,3.08477101855635,1,0
225.75,3.08477101855635,225.75,1.94771124706089,1,0
225.75,1.94771124706089,225,1.94771124706089,1,0
225,1.94771124706089,225,0,1,0
225.75,1.94771124706089,226.5,1.94771124706089,1,0
226.5,1.94771124706089,226.5,0.811408902065091,1,0
226.5,0.811408902065091,226,0.811408902065091,1,0
226,0.811408902065091,226,0,1,0
226.5,0.811408902065091,227,0.811408902065091,1,0
227,0.811408902065091,227,0,1,0
228.625,4.20653757086596,232.625,4.20653757086596,1,0
232.625,4.20653757086596,232.625,3.55940012058067,1,0
232.625,3.55940012058067,230.125,3.55940012058067,1,0
230.125,3.55940012058067,230.125,2.30504742379314,1,0
230.125,2.30504742379314,228.75,2.30504742379314,1,0
228.75,2.30504742379314,228.75,1.64513563578108,1,0
228.75,1.64513563578108,228,1.64513563578108,1,0
228,1.64513563578108,228,0,1,0
228.75,1.64513563578108,229.5,1.64513563578108,1,0
229.5,1.64513563578108,229.5,1.1476940580854,1,0
229.5,1.1476940580854,229,1.1476940580854,1,0
229,1.1476940580854,229,0,1,0
229.5,1.1476940580854,230,1.1476940580854,1,0
230,1.1476940580854,230,0,1,0
230.125,2.30504742379314,231.5,2.30504742379314,1,0
231.5,2.30504742379314,231.5,1.94839763049165,1,0
231.5,1.94839763049165,231,1.94839763049165,1,0
231,1.94839763049165,231,0,1,0
231.5,1.94839763049165,232,1.94839763049165,1,0
232,1.94839763049165,232,0,1,0
232.625,3.55940012058067,235.125,3.55940012058067,1,0
235.125,3.55940012058067,235.125,3.04292134494524,1,0
235.125,3.04292134494524,233.75,3.04292134494524,1,0
233.75,3.04292134494524,233.75,1.86042259649286,1,0
233.75,1.86042259649286,233,1.86042259649286,1,0
233,1.86042259649286,233,0,1,0
233.75,1.86042259649286,234.5,1.86042259649286,1,0
234.5,1.86042259649286,234.5,1.46359056791735,1,0
234.5,1.46359056791735,234,1.46359056791735,1,0
234,1.46359056791735,234,0,1,0
234.5,1.46359056791735,235,1.46359056791735,1,0
235,1.46359056791735,235,0,1,0
235.125,3.04292134494524,236.5,3.04292134494524,1,0
236.5,3.04292134494524,236.5,2.39910543244216,1,0
236.5,2.39910543244216,236,2.39910543244216,1,0
236,2.39910543244216,236,0,1,0
236.5,2.39910543244216,237,2.39910543244216,1,0
237,2.39910543244216,237,0,1,0
247.42236328125,6.4772089268233,275.7763671875,6.4772089268233,1,0
275.7763671875,6.4772089268233,275.7763671875,4.83219061058837,1,0
275.7763671875,4.83219061058837,257.146484375,4.83219061058837,1,0
257.146484375,4.83219061058837,257.146484375,4.33024112361487,1,0
257.146484375,4.33024112361487,247.2421875,4.33024112361487,1,0
247.2421875,4.33024112361487,247.2421875,3.55212039290042,1,0
247.2421875,3.55212039290042,242.375,3.55212039290042,1,0
242.375,3.55212039290042,242.375,2.908311662366,1,0
242.375,2.908311662366,240.125,2.908311662366,1,0
240.125,2.908311662366,240.125,1.63710807789115,1,0
240.125,1.63710807789115,238.75,1.63710807789115,1,0
238.75,1.63710807789115,238.75,1.1861819907884,1,0
238.75,1.1861819907884,238,1.1861819907884,1,0
238,1.1861819907884,238,0,1,0
238.75,1.1861819907884,239.5,1.1861819907884,1,0
239.5,1.1861819907884,239.5,0.837199917981489,1,0
239.5,0.837199917981489,239,0.837199917981489,1,0
239,0.837199917981489,239,0,1,0
239.5,0.837199917981489,240,0.837199917981489,1,0
240,0.837199917981489,240,0,1,0
240.125,1.63710807789115,241.5,1.63710807789115,1,0
241.5,1.63710807789115,241.5,1.19854927318152,1,0
241.5,1.19854927318152,241,1.19854927318152,1,0
241,1.19854927318152,241,0,1,0
241.5,1.19854927318152,242,1.19854927318152,1,0
242,1.19854927318152,242,0,1,0
242.375,2.908311662366,244.625,2.908311662366,1,0
244.625,2.908311662366,244.625,2.20505621108351,1,0
244.625,2.20505621108351,243.5,2.20505621108351,1,0
243.5,2.20505621108351,243.5,1.43370970592841,1,0
243.5,1.43370970592841,243,1.43370970592841,1,0
243,1.43370970592841,243,0,1,0
243.5,1.43370970592841,244,1.43370970592841,1,0
244,1.43370970592841,244,0,1,0
244.625,2.20505621108351,245.75,2.20505621108351,1,0
245.75,2.20505621108351,245.75,1.69323834690988,1,0
245.75,1.69323834690988,245,1.69323834690988,1,0
245,1.69323834690988,245,0,1,0
245.75,1.69323834690988,246.5,1.69323834690988,1,0
246.5,1.69323834690988,246.5,1.14163580994275,1,0
246.5,1.14163580994275,246,1.14163580994275,1,0
246,1.14163580994275,246,0,1,0
246.5,1.14163580994275,247,1.14163580994275,1,0
247,1.14163580994275,247,0,1,0
247.2421875,3.55212039290042,252.109375,3.55212039290042,1,0
252.109375,3.55212039290042,252.109375,2.94105869193417,1,0
252.109375,2.94105869193417,249.5,2.94105869193417,1,0
249.5,2.94105869193417,249.5,2.08236533439429,1,0
249.5,2.08236533439429,248.5,2.08236533439429,1,0
248.5,2.08236533439429,248.5,1.14842685645265,1,0
248.5,1.14842685645265,248,1.14842685645265,1,0
248,1.14842685645265,248,0,1,0
248.5,1.14842685645265,249,1.14842685645265,1,0
249,1.14842685645265,249,0,1,0
249.5,2.08236533439429,250.5,2.08236533439429,1,0
250.5,2.08236533439429,250.5,1.16276897664394,1,0
250.5,1.16276897664394,250,1.16276897664394,1,0
250,1.16276897664394,250,0,1,0
250.5,1.16276897664394,251,1.16276897664394,1,0
251,1.16276897664394,251,0,1,0
252.109375,2.94105869193417,254.71875,2.94105869193417,1,0
254.71875,2.94105869193417,254.71875,2.40645766366596,1,0
254.71875,2.40645766366596,252.75,2.40645766366596,1,0
252.75,2.40645766366596,252.75,1.33003716768018,1,0
252.75,1.33003716768018,252,1.33003716768018,1,0
252,1.33003716768018,252,0,1,0
252.75,1.33003716768018,253.5,1.33003716768018,1,0
253.5,1.33003716768018,253.5,0.921858434954483,1,0
253.5,0.921858434954483,253,0.921858434954483,1,0
253,0.921858434954483,253,0,1,0
253.5,0.921858434954483,254,0.921858434954483,1,0
254,0.921858434954483,254,0,1,0
254.71875,2.40645766366596,256.6875,2.40645766366596,1,0
256.6875,2.40645766366596,256.6875,1.91082205004006,1,0
256.6875,1.91082205004006,255.5,1.91082205004006,1,0
255.5,1.91082205004006,255.5,0.908609422776518,1,0
255.5,0.908609422776518,255,0.908609422776518,1,0
255,0.908609422776518,255,0,1,0
255.5,0.908609422776518,256,0.908609422776518,1,0
256,0.908609422776518,256,0,1,0
256.6875,1.91082205004006,257.875,1.91082205004006,1,0
257.875,1.91082205004006,257.875,1.21015571183991,1,0
257.875,1.21015571183991,257,1.21015571183991,1,0
257,1.21015571183991,257,0,1,0
257.875,1.21015571183991,258.75,1.21015571183991,1,0
258.75,1.21015571183991,258.75,1.16057451459056,1,0
258.75,1.16057451459056,258,1.16057451459056,1,0
258,1.16057451459056,258,0,1,0
258.75,1.16057451459056,259.5,1.16057451459056,1,0
259.5,1.16057451459056,259.5,0.680047445997409,1,0
259.5,0.680047445997409,259,0.680047445997409,1,0
259,0.680047445997409,259,0,1,0
259.5,0.680047445997409,260,0.680047445997409,1,0
260,0.680047445997409,260,0,1,0
257.146484375,4.33024112361487,267.05078125,4.33024112361487,1,0
267.05078125,4.33024112361487,267.05078125,3.78641047239251,1,0
267.05078125,3.78641047239251,261.75,3.78641047239251,1,0
261.75,3.78641047239251,261.75,2.55506312969344,1,0
261.75,2.55506312969344,261,2.55506312969344,1,0
261,2.55506312969344,261,0,1,0
261.75,2.55506312969344,262.5,2.55506312969344,1,0
262.5,2.55506312969344,262.5,1.66347814655329,1,0
262.5,1.66347814655329,262,1.66347814655329,1,0
262,1.66347814655329,262,0,1,0
262.5,1.66347814655329,263,1.66347814655329,1,0
263,1.66347814655329,263,0,1,0
267.05078125,3.78641047239251,272.3515625,3.78641047239251,1,0
272.3515625,3.78641047239251,272.3515625,3.32570759454396,1,0
272.3515625,3.32570759454396,266.25,3.32570759454396,1,0
266.25,3.32570759454396,266.25,2.58616431236006,1,0
266.25,2.58616431236006,264.75,2.58616431236006,1,0
264.75,2.58616431236006,264.75,1.50862457095589,1,0
264.75,1.50862457095589,264,1.50862457095589,1,0
264,1.50862457095589,264,0,1,0
264.75,1.50862457095589,265.5,1.50862457095589,1,0
265.5,1.50862457095589,265.5,1.26846607827742,1,0
265.5,1.26846607827742,265,1.26846607827742,1,0
265,1.26846607827742,265,0,1,0
265.5,1.26846607827742,266,1.26846607827742,1,0
266,1.26846607827742,266,0,1,0
266.25,2.58616431236006,267.75,2.58616431236006,1,0
267.75,2.58616431236006,267.75,1.97498637730311,1,0
267.75,1.97498637730311,267,1.97498637730311,1,0
267,1.97498637730311,267,0,1,0
267.75,1.97498637730311,268.5,1.97498637730311,1,0
268.5,1.97498637730311,268.5,1.05088485419807,1,0
268.5,1.05088485419807,268,1.05088485419807,1,0
268,1.05088485419807,268,0,1,0
268.5,1.05088485419807,269,1.05088485419807,1,0
269,1.05088485419807,269,0,1,0
272.3515625,3.32570759454396,278.453125,3.32570759454396,1,0
278.453125,3.32570759454396,278.453125,3.20998741706222,1,0
278.453125,3.20998741706222,272.1875,3.20998741706222,1,0
272.1875,3.20998741706222,272.1875,2.43556906052144,1,0
272.1875,2.43556906052144,270.5,2.43556906052144,1,0
270.5,2.43556906052144,270.5,1.163388069675,1,0
270.5,1.163388069675,270,1.163388069675,1,0
270,1.163388069675,270,0,1,0
270.5,1.163388069675,271,1.163388069675,1,0
271,1.163388069675,271,0,1,0
272.1875,2.43556906052144,273.875,2.43556906052144,1,0
273.875,2.43556906052144,273.875,1.73455974099652,1,0
273.875,1.73455974099652,272.5,1.73455974099652,1,0
272.5,1.73455974099652,272.5,0.765147233889835,1,0
272.5,0.765147233889835,272,0.765147233889835,1,0
272,0.765147233889835,272,0,1,0
272.5,0.765147233889835,273,0.765147233889835,1,0
273,0.765147233889835,273,0,1,0
273.875,1.73455974099652,275.25,1.73455974099652,1,0
275.25,1.73455974099652,275.25,1.21018582150068,1,0
275.25,1.21018582150068,274,1.21018582150068,1,0
274,1.21018582150068,274,0,1,0
275.25,1.21018582150068,276.5,1.21018582150068,1,0
276.5,1.21018582150068,276.5,0.919869726384767,1,0
276.5,0.919869726384767,275.5,0.919869726384767,1,0
275.5,0.919869726384767,275.5,0.526110871000466,1,0
275.5,0.526110871000466,275,0.526110871000466,1,0
275,0.526110871000466,275,0,1,0
275.5,0.526110871000466,276,0.526110871000466,1,0
276,0.526110871000466,276,0,1,0
276.5,0.919869726384767,277.5,0.919869726384767,1,0
277.5,0.919869726384767,277.5,0.743533735608745,1,0
277.5,0.743533735608745,277,0.743533735608745,1,0
277,0.743533735608745,277,0,1,0
277.5,0.743533735608745,278,0.743533735608745,1,0
278,0.743533735608745,278,0,1,0
278.453125,3.20998741706222,284.71875,3.20998741706222,1,0
284.71875,3.20998741706222,284.71875,2.49921393787954,1,0
284.71875,2.49921393787954,281.3125,2.49921393787954,1,0
281.3125,2.49921393787954,281.3125,1.95657116033886,1,0
281.3125,1.95657116033886,279.75,1.95657116033886,1,0
279.75,1.95657116033886,279.75,1.10328058486794,1,0
279.75,1.10328058486794,279,1.10328058486794,1,0
279,1.10328058486794,279,0,1,0
279.75,1.10328058486794,280.5,1.10328058486794,1,0
280.5,1.10328058486794,280.5,0.78733171129028,1,0
280.5,0.78733171129028,280,0.78733171129028,1,0
280,0.78733171129028,280,0,1,0
280.5,0.78733171129028,281,0.78733171129028,1,0
281,0.78733171129028,281,0,1,0
281.3125,1.95657116033886,282.875,1.95657116033886,1,0
282.875,1.95657116033886,282.875,1.53573396749865,1,0
282.875,1.53573396749865,282,1.53573396749865,1,0
282,1.53573396749865,282,0,1,0
282.875,1.53573396749865,283.75,1.53573396749865,1,0
283.75,1.53573396749865,283.75,0.857627665585546,1,0
283.75,0.857627665585546,283,0.857627665585546,1,0
283,0.857627665585546,283,0,1,0
283.75,0.857627665585546,284.5,0.857627665585546,1,0
284.5,0.857627665585546,284.5,0.733807253914603,1,0
284.5,0.733807253914603,284,0.733807253914603,1,0
284,0.733807253914603,284,0,1,0
284.5,0.733807253914603,285,0.733807253914603,1,0
285,0.733807253914603,285,0,1,0
284.71875,2.49921393787954,288.125,2.49921393787954,1,0
288.125,2.49921393787954,288.125,2.05385691440399,1,0
288.125,2.05385691440399,286.75,2.05385691440399,1,0
286.75,2.05385691440399,286.75,1.39820484270494,1,0
286.75,1.39820484270494,286,1.39820484270494,1,0
286,1.39820484270494,286,0,1,0
286.75,1.39820484270494,287.5,1.39820484270494,1,0
287.5,1.39820484270494,287.5,0.898587070217834,1,0
287.5,0.898587070217834,287,0.898587070217834,1,0
287,0.898587070217834,287,0,1,0
287.5,0.898587070217834,288,0.898587070217834,1,0
288,0.898587070217834,288,0,1,0
288.125,2.05385691440399,289.5,2.05385691440399,1,0
289.5,2.05385691440399,289.5,1.48096354807322,1,0
289.5,1.48096354807322,289,1.48096354807322,1,0
289,1.48096354807322,289,0,1,0
289.5,1.48096354807322,290,1.48096354807322,1,0
290,1.48096354807322,290,0,1,0
275.7763671875,4.83219061058837,294.40625,4.83219061058837,1,0
294.40625,4.83219061058837,294.40625,4.50644488293216,1,0
294.40625,4.50644488293216,292.5,4.50644488293216,1,0
292.5,4.50644488293216,292.5,2.40846818636663,1,0
292.5,2.40846818636663,291.5,2.40846818636663,1,0
291.5,2.40846818636663,291.5,1.19986577642065,1,0
291.5,1.19986577642065,291,1.19986577642065,1,0
291,1.19986577642065,291,0,1,0
291.5,1.19986577642065,292,1.19986577642065,1,0
292,1.19986577642065,292,0,1,0
292.5,2.40846818636663,293.5,2.40846818636663,1,0
293.5,2.40846818636663,293.5,1.77778463015495,1,0
293.5,1.77778463015495,293,1.77778463015495,1,0
293,1.77778463015495,293,0,1,0
293.5,1.77778463015495,294,1.77778463015495,1,0
294,1.77778463015495,294,0,1,0
294.40625,4.50644488293216,296.3125,4.50644488293216,1,0
296.3125,4.50644488293216,296.3125,3.76267961862889,1,0
296.3125,3.76267961862889,295,3.76267961862889,1,0
295,3.76267961862889,295,0,1,0
296.3125,3.76267961862889,297.625,3.76267961862889,1,0
297.625,3.76267961862889,297.625,3.02535370260768,1,0
297.625,3.02535370260768,296.5,3.02535370260768,1,0
296.5,3.02535370260768,296.5,1.37467232567712,1,0
296.5,1.37467232567712,296,1.37467232567712,1,0
296,1.37467232567712,296,0,1,0
296.5,1.37467232567712,297,1.37467232567712,1,0
297,1.37467232567712,297,0,1,0
297.625,3.02535370260768,298.75,3.02535370260768,1,0
298.75,3.02535370260768,298.75,1.76673989136776,1,0
298.75,1.76673989136776,298,1.76673989136776,1,0
298,1.76673989136776,298,0,1,0
298.75,1.76673989136776,299.5,1.76673989136776,1,0
299.5,1.76673989136776,299.5,1.28378860062501,1,0
299.5,1.28378860062501,299,1.28378860062501,1,0
299,1.28378860062501,299,0,1,0
299.5,1.28378860062501,300,1.28378860062501,1,0
300,1.28378860062501,300,0,1,0
252.246398925781,9.37328901643679,344.45458984375,9.37328901643679,3,0
344.45458984375,9.37328901643679,344.45458984375,7.82773437846752,3,0
344.45458984375,7.82773437846752,302.765625,7.82773437846752,3,0
302.765625,7.82773437846752,302.765625,5.61443053332914,3,0
302.765625,5.61443053332914,301,5.61443053332914,3,0
301,5.61443053332914,301,0,3,0
302.765625,5.61443053332914,304.53125,5.61443053332914,3,0
304.53125,5.61443053332914,304.53125,4.084645120097,3,0
304.53125,4.084645120097,302.75,4.084645120097,3,0
302.75,4.084645120097,302.75,2.54244043945723,3,0
302.75,2.54244043945723,302,2.54244043945723,3,0
302,2.54244043945723,302,0,3,0
302.75,2.54244043945723,303.5,2.54244043945723,3,0
303.5,2.54244043945723,303.5,1.81981715958677,3,0
303.5,1.81981715958677,303,1.81981715958677,3,0
303,1.81981715958677,303,0,3,0
303.5,1.81981715958677,304,1.81981715958677,3,0
304,1.81981715958677,304,0,3,0
304.53125,4.084645120097,306.3125,4.084645120097,3,0
306.3125,4.084645120097,306.3125,3.17993195282234,3,0
306.3125,3.17993195282234,305,3.17993195282234,3,0
305,3.17993195282234,305,0,3,0
306.3125,3.17993195282234,307.625,3.17993195282234,3,0
307.625,3.17993195282234,307.625,2.60574949357014,3,0
307.625,2.60574949357014,306.5,2.60574949357014,3,0
306.5,2.60574949357014,306.5,1.52752791726247,3,0
306.5,1.52752791726247,306,1.52752791726247,3,0
306,1.52752791726247,306,0,3,0
306.5,1.52752791726247,307,1.52752791726247,3,0
307,1.52752791726247,307,0,3,0
307.625,2.60574949357014,308.75,2.60574949357014,3,0
308.75,2.60574949357014,308.75,1.94935610194586,3,0
308.75,1.94935610194586,308,1.94935610194586,3,0
308,1.94935610194586,308,0,3,0
308.75,1.94935610194586,309.5,1.94935610194586,3,0
309.5,1.94935610194586,309.5,1.24807419843743,3,0
309.5,1.24807419843743,309,1.24807419843743,3,0
309,1.24807419843743,309,0,3,0
309.5,1.24807419843743,310,1.24807419843743,3,0
310,1.24807419843743,310,0,3,0
344.45458984375,7.82773437846752,386.1435546875,7.82773437846752,3,0
386.1435546875,7.82773437846752,386.1435546875,6.6011489833456,3,0
386.1435546875,6.6011489833456,356.484375,6.6011489833456,3,0
356.484375,6.6011489833456,356.484375,5.27840411889201,3,0
356.484375,5.27840411889201,328.46875,5.27840411889201,3,0
328.46875,5.27840411889201,328.46875,4.41515800403168,3,0
328.46875,4.41515800403168,313.0625,4.41515800403168,3,0
313.0625,4.41515800403168,313.0625,3.62979832438085,3,0
313.0625,3.62979832438085,311.5,3.62979832438085,3,0
311.5,3.62979832438085,311.5,2.08168571260584,3,0
311.5,2.08168571260584,311,2.08168571260584,3,0
311,2.08168571260584,311,0,3,0
311.5,2.08168571260584,312,2.08168571260584,3,0
312,2.08168571260584,312,0,3,0
313.0625,3.62979832438085,314.625,3.62979832438085,3,0
314.625,3.62979832438085,314.625,3.07567617667195,3,0
314.625,3.07567617667195,313,3.07567617667195,3,0
313,3.07567617667195,313,0,3,0
314.625,3.07567617667195,316.25,3.07567617667195,3,0
316.25,3.07567617667195,316.25,2.09638084560809,3,0
316.25,2.09638084560809,314.75,2.09638084560809,3,0
314.75,2.09638084560809,314.75,1.53830386920248,3,0
314.75,1.53830386920248,314,1.53830386920248,3,0
314,1.53830386920248,314,0,3,0
314.75,1.53830386920248,315.5,1.53830386920248,3,0
315.5,1.53830386920248,315.5,1.03727574144443,3,0
315.5,1.03727574144443,315,1.03727574144443,3,0
315,1.03727574144443,315,0,3,0
315.5,1.03727574144443,316,1.03727574144443,3,0
316,1.03727574144443,316,0,3,0
316.25,2.09638084560809,317.75,2.09638084560809,3,0
317.75,2.09638084560809,317.75,1.98894941180968,3,0
317.75,1.98894941180968,317,1.98894941180968,3,0
317,1.98894941180968,317,0,3,0
317.75,1.98894941180968,318.5,1.98894941180968,3,0
318.5,1.98894941180968,318.5,1.18303639594899,3,0
318.5,1.18303639594899,318,1.18303639594899,3,0
318,1.18303639594899,318,0,3,0
318.5,1.18303639594899,319,1.18303639594899,3,0
319,1.18303639594899,319,0,3,0
328.46875,4.41515800403168,343.875,4.41515800403168,3,0
343.875,4.41515800403168,343.875,3.99932032389765,3,0
343.875,3.99932032389765,327.3203125,3.99932032389765,3,0
327.3203125,3.99932032389765,327.3203125,3.43295243119862,3,0
327.3203125,3.43295243119862,320.75,3.43295243119862,3,0
320.75,3.43295243119862,320.75,1.85895193733252,3,0
320.75,1.85895193733252,320,1.85895193733252,3,0
320,1.85895193733252,320,0,3,0
320.75,1.85895193733252,321.5,1.85895193733252,3,0
321.5,1.85895193733252,321.5,1.32882784316394,3,0
321.5,1.32882784316394,321,1.32882784316394,3,0
321,1.32882784316394,321,0,3,0
321.5,1.32882784316394,322,1.32882784316394,3,0
322,1.32882784316394,322,0,3,0
327.3203125,3.43295243119862,333.890625,3.43295243119862,3,0
333.890625,3.43295243119862,333.890625,3.02209995761861,3,0
333.890625,3.02209995761861,327.59375,3.02209995761861,3,0
327.59375,3.02209995761861,327.59375,2.33372834356517,3,0
327.59375,2.33372834356517,324.625,2.33372834356517,3,0
324.625,2.33372834356517,324.625,1.54341969779396,3,0
324.625,1.54341969779396,323.5,1.54341969779396,3,0
323.5,1.54341969779396,323.5,0.802622083136354,3,0
323.5,0.802622083136354,323,0.802622083136354,3,0
323,0.802622083136354,323,0,3,0
323.5,0.802622083136354,324,0.802622083136354,3,0
324,0.802622083136354,324,0,3,0
324.625,1.54341969779396,325.75,1.54341969779396,3,0
325.75,1.54341969779396,325.75,1.27317503509607,3,0
325.75,1.27317503509607,325,1.27317503509607,3,0
325,1.27317503509607,325,0,3,0
325.75,1.27317503509607,326.5,1.27317503509607,3,0
326.5,1.27317503509607,326.5,0.961558347259556,3,0
326.5,0.961558347259556,326,0.961558347259556,3,0
326,0.961558347259556,326,0,3,0
326.5,0.961558347259556,327,0.961558347259556,3,0
327,0.961558347259556,327,0,3,0
327.59375,2.33372834356517,330.5625,2.33372834356517,3,0
330.5625,2.33372834356517,330.5625,1.99312224001899,3,0
330.5625,1.99312224001899,328.5,1.99312224001899,3,0
328.5,1.99312224001899,328.5,1.11178107821237,3,0
328.5,1.11178107821237,328,1.11178107821237,3,0
328,1.11178107821237,328,0,3,0
328.5,1.11178107821237,329,1.11178107821237,3,0
329,1.11178107821237,329,0,3,0
330.5625,1.99312224001899,332.625,1.99312224001899,3,0
332.625,1.99312224001899,332.625,1.61321375405051,3,0
332.625,1.61321375405051,330.75,1.61321375405051,3,0
330.75,1.61321375405051,330.75,1.16352927453181,3,0
330.75,1.16352927453181,330,1.16352927453181,3,0
330,1.16352927453181,330,0,3,0
330.75,1.16352927453181,331.5,1.16352927453181,3,0
331.5,1.16352927453181,331.5,1.0295194289018,3,0
331.5,1.0295194289018,331,1.0295194289018,3,0
331,1.0295194289018,331,0,3,0
331.5,1.0295194289018,332,1.0295194289018,3,0
332,1.0295194289018,332,0,3,0
332.625,1.61321375405051,334.5,1.61321375405051,3,0
334.5,1.61321375405051,334.5,1.30155452749039,3,0
334.5,1.30155452749039,333.5,1.30155452749039,3,0
333.5,1.30155452749039,333.5,0.845393040892922,3,0
333.5,0.845393040892922,333,0.845393040892922,3,0
333,0.845393040892922,333,0,3,0
333.5,0.845393040892922,334,0.845393040892922,3,0
334,0.845393040892922,334,0,3,0
334.5,1.30155452749039,335.5,1.30155452749039,3,0
335.5,1.30155452749039,335.5,0.941261839347607,3,0
335.5,0.941261839347607,335,0.941261839347607,3,0
335,0.941261839347607,335,0,3,0
335.5,0.941261839347607,336,0.941261839347607,3,0
336,0.941261839347607,336,0,3,0
333.890625,3.02209995761861,340.1875,3.02209995761861,3,0
340.1875,3.02209995761861,340.1875,2.58391497188243,3,0
340.1875,2.58391497188243,338.5,2.58391497188243,3,0
338.5,2.58391497188243,338.5,1.84261447036478,3,0
338.5,1.84261447036478,337.5,1.84261447036478,3,0
337.5,1.84261447036478,337.5,1.06795144972566,3,0
337.5,1.06795144972566,337,1.06795144972566,3,0
337,1.06795144972566,337,0,3,0
337.5,1.06795144972566,338,1.06795144972566,3,0
338,1.06795144972566,338,0,3,0
338.5,1.84261447036478,339.5,1.84261447036478,3,0
339.5,1.84261447036478,339.5,1.1723092103218,3,0
339.5,1.1723092103218,339,1.1723092103218,3,0
339,1.1723092103218,339,0,3,0
339.5,1.1723092103218,340,1.1723092103218,3,0
340,1.1723092103218,340,0,3,0
340.1875,2.58391497188243,341.875,2.58391497188243,3,0
341.875,2.58391497188243,341.875,1.8834369738282,3,0
341.875,1.8834369738282,341,1.8834369738282,3,0
341,1.8834369738282,341,0,3,0
341.875,1.8834369738282,342.75,1.8834369738282,3,0
342.75,1.8834369738282,342.75,1.14758528406638,3,0
342.75,1.14758528406638,342,1.14758528406638,3,0
342,1.14758528406638,342,0,3,0
342.75,1.14758528406638,343.5,1.14758528406638,3,0
343.5,1.14758528406638,343.5,0.922264945602529,3,0
343.5,0.922264945602529,343,0.922264945602529,3,0
343,0.922264945602529,343,0,3,0
343.5,0.922264945602529,344,0.922264945602529,3,0
344,0.922264945602529,344,0,3,0
343.875,3.99932032389765,360.4296875,3.99932032389765,3,0
360.4296875,3.99932032389765,360.4296875,3.80238920416463,3,0
360.4296875,3.80238920416463,352.3125,3.80238920416463,3,0
352.3125,3.80238920416463,352.3125,2.84862769455695,3,0
352.3125,2.84862769455695,348.5625,2.84862769455695,3,0
348.5625,2.84862769455695,348.5625,1.94899388344314,3,0
348.5625,1.94899388344314,346.625,1.94899388344314,3,0
346.625,1.94899388344314,346.625,1.46026527418277,3,0
346.625,1.46026527418277,345.5,1.46026527418277,3,0
345.5,1.46026527418277,345.5,0.968618936706532,3,0
345.5,0.968618936706532,345,0.968618936706532,3,0
345,0.968618936706532,345,0,3,0
345.5,0.968618936706532,346,0.968618936706532,3,0
346,0.968618936706532,346,0,3,0
346.625,1.46026527418277,347.75,1.46026527418277,3,0
347.75,1.46026527418277,347.75,1.23931388702629,3,0
347.75,1.23931388702629,347,1.23931388702629,3,0
347,1.23931388702629,347,0,3,0
347.75,1.23931388702629,348.5,1.23931388702629,3,0
348.5,1.23931388702629,348.5,1.0459759195359,3,0
348.5,1.0459759195359,348,1.0459759195359,3,0
348,1.0459759195359,348,0,3,0
348.5,1.0459759195359,349,1.0459759195359,3,0
349,1.0459759195359,349,0,3,0
348.5625,1.94899388344314,350.5,1.94899388344314,3,0
350.5,1.94899388344314,350.5,1.57268614309536,3,0
350.5,1.57268614309536,350,1.57268614309536,3,0
350,1.57268614309536,350,0,3,0
350.5,1.57268614309536,351,1.57268614309536,3,0
351,1.57268614309536,351,0,3,0
352.3125,2.84862769455695,356.0625,2.84862769455695,3,0
356.0625,2.84862769455695,356.0625,2.1973918624649,3,0
356.0625,2.1973918624649,353.625,2.1973918624649,3,0
353.625,2.1973918624649,353.625,1.67059943935201,3,0
353.625,1.67059943935201,352.5,1.67059943935201,3,0
352.5,1.67059943935201,352.5,0.810868362454687,3,0
352.5,0.810868362454687,352,0.810868362454687,3,0
352,0.810868362454687,352,0,3,0
352.5,0.810868362454687,353,0.810868362454687,3,0
353,0.810868362454687,353,0,3,0
353.625,1.67059943935201,354.75,1.67059943935201,3,0
354.75,1.67059943935201,354.75,1.24922624633836,3,0
354.75,1.24922624633836,354,1.24922624633836,3,0
354,1.24922624633836,354,0,3,0
354.75,1.24922624633836,355.5,1.24922624633836,3,0
355.5,1.24922624633836,355.5,0.842622404764919,3,0
355.5,0.842622404764919,355,0.842622404764919,3,0
355,0.842622404764919,355,0,3,0
355.5,0.842622404764919,356,0.842622404764919,3,0
356,0.842622404764919,356,0,3,0
356.0625,2.1973918624649,358.5,2.1973918624649,3,0
358.5,2.1973918624649,358.5,1.78493980280799,3,0
358.5,1.78493980280799,357.5,1.78493980280799,3,0
357.5,1.78493980280799,357.5,1.15013831220521,3,0
357.5,1.15013831220521,357,1.15013831220521,3,0
357,1.15013831220521,357,0,3,0
357.5,1.15013831220521,358,1.15013831220521,3,0
358,1.15013831220521,358,0,3,0
358.5,1.78493980280799,359.5,1.78493980280799,3,0
359.5,1.78493980280799,359.5,1.20405225242697,3,0
359.5,1.20405225242697,359,1.20405225242697,3,0
359,1.20405225242697,359,0,3,0
359.5,1.20405225242697,360,1.20405225242697,3,0
360,1.20405225242697,360,0,3,0
360.4296875,3.80238920416463,368.546875,3.80238920416463,3,0
368.546875,3.80238920416463,368.546875,3.01877612345415,3,0
368.546875,3.01877612345415,364.21875,3.01877612345415,3,0
364.21875,3.01877612345415,364.21875,2.29289384675539,3,0
364.21875,2.29289384675539,362.5,2.29289384675539,3,0
362.5,2.29289384675539,362.5,1.62983334159859,3,0
362.5,1.62983334159859,361.5,1.62983334159859,3,0
361.5,1.62983334159859,361.5,1.04813263551607,3,0
361.5,1.04813263551607,361,1.04813263551607,3,0
361,1.04813263551607,361,0,3,0
361.5,1.04813263551607,362,1.04813263551607,3,0
362,1.04813263551607,362,0,3,0
362.5,1.62983334159859,363.5,1.62983334159859,3,0
363.5,1.62983334159859,363.5,1.21175375345995,3,0
363.5,1.21175375345995,363,1.21175375345995,3,0
363,1.21175375345995,363,0,3,0
363.5,1.21175375345995,364,1.21175375345995,3,0
364,1.21175375345995,364,0,3,0
364.21875,2.29289384675539,365.9375,2.29289384675539,3,0
365.9375,2.29289384675539,365.9375,1.66788712217671,3,0
365.9375,1.66788712217671,365,1.66788712217671,3,0
365,1.66788712217671,365,0,3,0
365.9375,1.66788712217671,366.875,1.66788712217671,3,0
366.875,1.66788712217671,366.875,1.38360408363235,3,0
366.875,1.38360408363235,366,1.38360408363235,3,0
366,1.38360408363235,366,0,3,0
366.875,1.38360408363235,367.75,1.38360408363235,3,0
367.75,1.38360408363235,367.75,1.13265186938143,3,0
367.75,1.13265186938143,367,1.13265186938143,3,0
367,1.13265186938143,367,0,3,0
367.75,1.13265186938143,368.5,1.13265186938143,3,0
368.5,1.13265186938143,368.5,0.826090843305164,3,0
368.5,0.826090843305164,368,0.826090843305164,3,0
368,0.826090843305164,368,0,3,0
368.5,0.826090843305164,369,0.826090843305164,3,0
369,0.826090843305164,369,0,3,0
368.546875,3.01877612345415,372.875,3.01877612345415,3,0
372.875,3.01877612345415,372.875,2.37717768943601,3,0
372.875,2.37717768943601,370.75,2.37717768943601,3,0
370.75,2.37717768943601,370.75,1.45332060297609,3,0
370.75,1.45332060297609,370,1.45332060297609,3,0
370,1.45332060297609,370,0,3,0
370.75,1.45332060297609,371.5,1.45332060297609,3,0
371.5,1.45332060297609,371.5,0.675702601049681,3,0
371.5,0.675702601049681,371,0.675702601049681,3,0
371,0.675702601049681,371,0,3,0
371.5,0.675702601049681,372,0.675702601049681,3,0
372,0.675702601049681,372,0,3,0
372.875,2.37717768943601,375,2.37717768943601,3,0
375,2.37717768943601,375,1.95587406089933,3,0
375,1.95587406089933,373.5,1.95587406089933,3,0
373.5,1.95587406089933,373.5,1.27221828139719,3,0
373.5,1.27221828139719,373,1.27221828139719,3,0
373,1.27221828139719,373,0,3,0
373.5,1.27221828139719,374,1.27221828139719,3,0
374,1.27221828139719,374,0,3,0
375,1.95587406089933,376.5,1.95587406089933,3,0
376.5,1.95587406089933,376.5,1.66190918574689,3,0
376.5,1.66190918574689,375.5,1.66190918574689,3,0
375.5,1.66190918574689,375.5,0.999035130352771,3,0
375.5,0.999035130352771,375,0.999035130352771,3,0
375,0.999035130352771,375,0,3,0
375.5,0.999035130352771,376,0.999035130352771,3,0
376,0.999035130352771,376,0,3,0
376.5,1.66190918574689,377.5,1.66190918574689,3,0
377.5,1.66190918574689,377.5,1.42878393166955,3,0
377.5,1.42878393166955,377,1.42878393166955,3,0
377,1.42878393166955,377,0,3,0
377.5,1.42878393166955,378,1.42878393166955,3,0
378,1.42878393166955,378,0,3,0
356.484375,5.27840411889201,384.5,5.27840411889201,3,0
384.5,5.27840411889201,384.5,4.49471533807156,3,0
384.5,4.49471533807156,380.6875,4.49471533807156,3,0
380.6875,4.49471533807156,380.6875,3.25676115071006,3,0
380.6875,3.25676115071006,379.5,3.25676115071006,3,0
379.5,3.25676115071006,379.5,1.88235127451452,3,0
379.5,1.88235127451452,379,1.88235127451452,3,0
379,1.88235127451452,379,0,3,0
379.5,1.88235127451452,380,1.88235127451452,3,0
380,1.88235127451452,380,0,3,0
380.6875,3.25676115071006,381.875,3.25676115071006,3,0
381.875,3.25676115071006,381.875,2.93932573122705,3,0
381.875,2.93932573122705,381,2.93932573122705,3,0
381,2.93932573122705,381,0,3,0
381.875,2.93932573122705,382.75,2.93932573122705,3,0
382.75,2.93932573122705,382.75,2.21292649654405,3,0
382.75,2.21292649654405,382,2.21292649654405,3,0
382,2.21292649654405,382,0,3,0
382.75,2.21292649654405,383.5,2.21292649654405,3,0
383.5,2.21292649654405,383.5,1.23212172847272,3,0
383.5,1.23212172847272,383,1.23212172847272,3,0
383,1.23212172847272,383,0,3,0
383.5,1.23212172847272,384,1.23212172847272,3,0
384,1.23212172847272,384,0,3,0
384.5,4.49471533807156,388.3125,4.49471533807156,3,0
388.3125,4.49471533807156,388.3125,3.75622325212991,3,0
388.3125,3.75622325212991,385.75,3.75622325212991,3,0
385.75,3.75622325212991,385.75,2.35499594752889,3,0
385.75,2.35499594752889,385,2.35499594752889,3,0
385,2.35499594752889,385,0,3,0
385.75,2.35499594752889,386.5,2.35499594752889,3,0
386.5,2.35499594752889,386.5,1.79073479609316,3,0
386.5,1.79073479609316,386,1.79073479609316,3,0
386,1.79073479609316,386,0,3,0
386.5,1.79073479609316,387,1.79073479609316,3,0
387,1.79073479609316,387,0,3,0
388.3125,3.75622325212991,390.875,3.75622325212991,3,0
390.875,3.75622325212991,390.875,2.71770150184398,3,0
390.875,2.71770150184398,388.875,2.71770150184398,3,0
388.875,2.71770150184398,388.875,1.68339822418399,3,0
388.875,1.68339822418399,388,1.68339822418399,3,0
388,1.68339822418399,388,0,3,0
388.875,1.68339822418399,389.75,1.68339822418399,3,0
389.75,1.68339822418399,389.75,1.33665047434639,3,0
389.75,1.33665047434639,389,1.33665047434639,3,0
389,1.33665047434639,389,0,3,0
389.75,1.33665047434639,390.5,1.33665047434639,3,0
390.5,1.33665047434639,390.5,0.610052381445029,3,0
390.5,0.610052381445029,390,0.610052381445029,3,0
390,0.610052381445029,390,0,3,0
390.5,0.610052381445029,391,0.610052381445029,3,0
391,0.610052381445029,391,0,3,0
390.875,2.71770150184398,392.875,2.71770150184398,3,0
392.875,2.71770150184398,392.875,2.435538391003,3,0
392.875,2.435538391003,392,2.435538391003,3,0
392,2.435538391003,392,0,3,0
392.875,2.435538391003,393.75,2.435538391003,3,0
393.75,2.435538391003,393.75,1.46785858399435,3,0
393.75,1.46785858399435,393,1.46785858399435,3,0
393,1.46785858399435,393,0,3,0
393.75,1.46785858399435,394.5,1.46785858399435,3,0
394.5,1.46785858399435,394.5,0.956230808652349,3,0
394.5,0.956230808652349,394,0.956230808652349,3,0
394,0.956230808652349,394,0,3,0
394.5,0.956230808652349,395,0.956230808652349,3,0
395,0.956230808652349,395,0,3,0
386.1435546875,6.6011489833456,415.802734375,6.6011489833456,3,0
415.802734375,6.6011489833456,415.802734375,5.56445476294694,3,0
415.802734375,5.56445476294694,399.4375,5.56445476294694,3,0
399.4375,5.56445476294694,399.4375,4.27403153197197,3,0
399.4375,4.27403153197197,396.75,4.27403153197197,3,0
396.75,4.27403153197197,396.75,2.30328538508066,3,0
396.75,2.30328538508066,396,2.30328538508066,3,0
396,2.30328538508066,396,0,3,0
396.75,2.30328538508066,397.5,2.30328538508066,3,0
397.5,2.30328538508066,397.5,1.62732425501172,3,0
397.5,1.62732425501172,397,1.62732425501172,3,0
397,1.62732425501172,397,0,3,0
397.5,1.62732425501172,398,1.62732425501172,3,0
398,1.62732425501172,398,0,3,0
399.4375,4.27403153197197,402.125,4.27403153197197,3,0
402.125,4.27403153197197,402.125,3.21607175976631,3,0
402.125,3.21607175976631,399.5,3.21607175976631,3,0
399.5,3.21607175976631,399.5,1.83687168509615,3,0
399.5,1.83687168509615,399,1.83687168509615,3,0
399,1.83687168509615,399,0,3,0
399.5,1.83687168509615,400,1.83687168509615,3,0
400,1.83687168509615,400,0,3,0
402.125,3.21607175976631,404.75,3.21607175976631,3,0
404.75,3.21607175976631,404.75,2.6886280030453,3,0
404.75,2.6886280030453,402.625,2.6886280030453,3,0
402.625,2.6886280030453,402.625,1.86218415768175,3,0
402.625,1.86218415768175,401.5,1.86218415768175,3,0
401.5,1.86218415768175,401.5,0.754595384114977,3,0
401.5,0.754595384114977,401,0.754595384114977,3,0
401,0.754595384114977,401,0,3,0
401.5,0.754595384114977,402,0.754595384114977,3,0
402,0.754595384114977,402,0,3,0
402.625,1.86218415768175,403.75,1.86218415768175,3,0
403.75,1.86218415768175,403.75,1.44738942321585,3,0
403.75,1.44738942321585,403,1.44738942321585,3,0
403,1.44738942321585,403,0,3,0
403.75,1.44738942321585,404.5,1.44738942321585,3,0
404.5,1.44738942321585,404.5,0.618163401711566,3,0
404.5,0.618163401711566,404,0.618163401711566,3,0
404,0.618163401711566,404,0,3,0
404.5,0.618163401711566,405,0.618163401711566,3,0
405,0.618163401711566,405,0,3,0
404.75,2.6886280030453,406.875,2.6886280030453,3,0
406.875,2.6886280030453,406.875,2.35569527810493,3,0
406.875,2.35569527810493,406,2.35569527810493,3,0
406,2.35569527810493,406,0,3,0
406.875,2.35569527810493,407.75,2.35569527810493,3,0
407.75,2.35569527810493,407.75,1.84103587498761,3,0
407.75,1.84103587498761,407,1.84103587498761,3,0
407,1.84103587498761,407,0,3,0
407.75,1.84103587498761,408.5,1.84103587498761,3,0
408.5,1.84103587498761,408.5,1.32099683515566,3,0
408.5,1.32099683515566,408,1.32099683515566,3,0
408,1.32099683515566,408,0,3,0
408.5,1.32099683515566,409,1.32099683515566,3,0
409,1.32099683515566,409,0,3,0
415.802734375,5.56445476294694,432.16796875,5.56445476294694,3,0
432.16796875,5.56445476294694,432.16796875,5.03320988462323,3,0
432.16796875,5.03320988462323,421.8046875,5.03320988462323,3,0
421.8046875,5.03320988462323,421.8046875,4.19195085910328,3,0
421.8046875,4.19195085910328,414.625,4.19195085910328,3,0
414.625,4.19195085910328,414.625,2.96343270637255,3,0
414.625,2.96343270637255,411.625,2.96343270637255,3,0
411.625,2.96343270637255,411.625,2.28502841451862,3,0
411.625,2.28502841451862,410.5,2.28502841451862,3,0
410.5,2.28502841451862,410.5,1.07261650962859,3,0
410.5,1.07261650962859,410,1.07261650962859,3,0
410,1.07261650962859,410,0,3,0
410.5,1.07261650962859,411,1.07261650962859,3,0
411,1.07261650962859,411,0,3,0
411.625,2.28502841451862,412.75,2.28502841451862,3,0
412.75,2.28502841451862,412.75,1.7931164178377,3,0
412.75,1.7931164178377,412,1.7931164178377,3,0
412,1.7931164178377,412,0,3,0
412.75,1.7931164178377,413.5,1.7931164178377,3,0
413.5,1.7931164178377,413.5,0.950762776229598,3,0
413.5,0.950762776229598,413,0.950762776229598,3,0
413,0.950762776229598,413,0,3,0
413.5,0.950762776229598,414,0.950762776229598,3,0
414,0.950762776229598,414,0,3,0
414.625,2.96343270637255,417.625,2.96343270637255,3,0
417.625,2.96343270637255,417.625,2.70861517143927,3,0
417.625,2.70861517143927,415.75,2.70861517143927,3,0
415.75,2.70861517143927,415.75,2.01643644641326,3,0
415.75,2.01643644641326,415,2.01643644641326,3,0
415,2.01643644641326,415,0,3,0
415.75,2.01643644641326,416.5,2.01643644641326,3,0
416.5,2.01643644641326,416.5,1.37562779061459,3,0
416.5,1.37562779061459,416,1.37562779061459,3,0
416,1.37562779061459,416,0,3,0
416.5,1.37562779061459,417,1.37562779061459,3,0
417,1.37562779061459,417,0,3,0
417.625,2.70861517143927,419.5,2.70861517143927,3,0
419.5,2.70861517143927,419.5,2.01670993318901,3,0
419.5,2.01670993318901,418.5,2.01670993318901,3,0
418.5,2.01670993318901,418.5,1.10113887952791,3,0
418.5,1.10113887952791,418,1.10113887952791,3,0
418,1.10113887952791,418,0,3,0
418.5,1.10113887952791,419,1.10113887952791,3,0
419,1.10113887952791,419,0,3,0
419.5,2.01670993318901,420.5,2.01670993318901,3,0
420.5,2.01670993318901,420.5,1.23860911176994,3,0
420.5,1.23860911176994,420,1.23860911176994,3,0
420,1.23860911176994,420,0,3,0
420.5,1.23860911176994,421,1.23860911176994,3,0
421,1.23860911176994,421,0,3,0
421.8046875,4.19195085910328,428.984375,4.19195085910328,3,0
428.984375,4.19195085910328,428.984375,3.91725940703436,3,0
428.984375,3.91725940703436,424.625,3.91725940703436,3,0
424.625,3.91725940703436,424.625,2.61178414000436,3,0
424.625,2.61178414000436,422.75,2.61178414000436,3,0
422.75,2.61178414000436,422.75,1.71096317511304,3,0
422.75,1.71096317511304,422,1.71096317511304,3,0
422,1.71096317511304,422,0,3,0
422.75,1.71096317511304,423.5,1.71096317511304,3,0
423.5,1.71096317511304,423.5,1.14680781070139,3,0
423.5,1.14680781070139,423,1.14680781070139,3,0
423,1.14680781070139,423,0,3,0
423.5,1.14680781070139,424,1.14680781070139,3,0
424,1.14680781070139,424,0,3,0
424.625,2.61178414000436,426.5,2.61178414000436,3,0
426.5,2.61178414000436,426.5,2.17871209238758,3,0
426.5,2.17871209238758,425.5,2.17871209238758,3,0
425.5,2.17871209238758,425.5,1.11398116206042,3,0
425.5,1.11398116206042,425,1.11398116206042,3,0
425,1.11398116206042,425,0,3,0
425.5,1.11398116206042,426,1.11398116206042,3,0
426,1.11398116206042,426,0,3,0
426.5,2.17871209238758,427.5,2.17871209238758,3,0
427.5,2.17871209238758,427.5,1.85264922613798,3,0
427.5,1.85264922613798,427,1.85264922613798,3,0
427,1.85264922613798,427,0,3,0
427.5,1.85264922613798,428,1.85264922613798,3,0
428,1.85264922613798,428,0,3,0
428.984375,3.91725940703436,433.34375,3.91725940703436,3,0
433.34375,3.91725940703436,433.34375,3.12239858554498,3,0
433.34375,3.12239858554498,431.125,3.12239858554498,3,0
431.125,3.12239858554498,431.125,2.17705357337942,3,0
431.125,2.17705357337942,429.75,2.17705357337942,3,0
429.75,2.17705357337942,429.75,1.49953400888612,3,0
429.75,1.49953400888612,429,1.49953400888612,3,0
429,1.49953400888612,429,0,3,0
429.75,1.49953400888612,430.5,1.49953400888612,3,0
430.5,1.49953400888612,430.5,1.1607181925983,3,0
430.5,1.1607181925983,430,1.1607181925983,3,0
430,1.1607181925983,430,0,3,0
430.5,1.1607181925983,431,1.1607181925983,3,0
431,1.1607181925983,431,0,3,0
431.125,2.17705357337942,432.5,2.17705357337942,3,0
432.5,2.17705357337942,432.5,1.63897242911664,3,0
432.5,1.63897242911664,432,1.63897242911664,3,0
432,1.63897242911664,432,0,3,0
432.5,1.63897242911664,433,1.63897242911664,3,0
433,1.63897242911664,433,0,3,0
433.34375,3.12239858554498,435.5625,3.12239858554498,3,0
435.5625,3.12239858554498,435.5625,2.83533753972962,3,0
435.5625,2.83533753972962,434,2.83533753972962,3,0
434,2.83533753972962,434,0,3,0
435.5625,2.83533753972962,437.125,2.83533753972962,3,0
437.125,2.83533753972962,437.125,2.21128762646046,3,0
437.125,2.21128762646046,435.75,2.21128762646046,3,0
435.75,2.21128762646046,435.75,1.45036746033755,3,0
435.75,1.45036746033755,435,1.45036746033755,3,0
435,1.45036746033755,435,0,3,0
435.75,1.45036746033755,436.5,1.45036746033755,3,0
436.5,1.45036746033755,436.5,1.23616691195393,3,0
436.5,1.23616691195393,436,1.23616691195393,3,0
436,1.23616691195393,436,0,3,0
436.5,1.23616691195393,437,1.23616691195393,3,0
437,1.23616691195393,437,0,3,0
437.125,2.21128762646046,438.5,2.21128762646046,3,0
438.5,2.21128762646046,438.5,1.63296785046964,3,0
438.5,1.63296785046964,438,1.63296785046964,3,0
438,1.63296785046964,438,0,3,0
438.5,1.63296785046964,439,1.63296785046964,3,0
439,1.63296785046964,439,0,3,0
432.16796875,5.03320988462323,442.53125,5.03320988462323,3,0
442.53125,5.03320988462323,442.53125,4.90884827250384,3,0
442.53125,4.90884827250384,440.5,4.90884827250384,3,0
440.5,4.90884827250384,440.5,2.48277927530916,3,0
440.5,2.48277927530916,440,2.48277927530916,3,0
440,2.48277927530916,440,0,3,0
440.5,2.48277927530916,441,2.48277927530916,3,0
441,2.48277927530916,441,0,3,0
442.53125,4.90884827250384,444.5625,4.90884827250384,3,0
444.5625,4.90884827250384,444.5625,3.75999891838076,3,0
444.5625,3.75999891838076,442.5,3.75999891838076,3,0
442.5,3.75999891838076,442.5,2.05870518718318,3,0
442.5,2.05870518718318,442,2.05870518718318,3,0
442,2.05870518718318,442,0,3,0
442.5,2.05870518718318,443,2.05870518718318,3,0
443,2.05870518718318,443,0,3,0
444.5625,3.75999891838076,446.625,3.75999891838076,3,0
446.625,3.75999891838076,446.625,2.75103831896084,3,0
446.625,2.75103831896084,444.75,2.75103831896084,3,0
444.75,2.75103831896084,444.75,1.53596192467022,3,0
444.75,1.53596192467022,444,1.53596192467022,3,0
444,1.53596192467022,444,0,3,0
444.75,1.53596192467022,445.5,1.53596192467022,3,0
445.5,1.53596192467022,445.5,0.906399333529477,3,0
445.5,0.906399333529477,445,0.906399333529477,3,0
445,0.906399333529477,445,0,3,0
445.5,0.906399333529477,446,0.906399333529477,3,0
446,0.906399333529477,446,0,3,0
446.625,2.75103831896084,448.5,2.75103831896084,3,0
448.5,2.75103831896084,448.5,1.87392553294065,3,0
448.5,1.87392553294065,447.5,1.87392553294065,3,0
447.5,1.87392553294065,447.5,1.47515500540358,3,0
447.5,1.47515500540358,447,1.47515500540358,3,0
447,1.47515500540358,447,0,3,0
447.5,1.47515500540358,448,1.47515500540358,3,0
448,1.47515500540358,448,0,3,0
448.5,1.87392553294065,449.5,1.87392553294065,3,0
449.5,1.87392553294065,449.5,1.49595861581609,3,0
449.5,1.49595861581609,449,1.49595861581609,3,0
449,1.49595861581609,449,0,3,0
449.5,1.49595861581609,450,1.49595861581609,3,0
450,1.49595861581609,450,0,3,0
