name,krate,bbrate,barrels,solids,flares,topped,under,weak,cluster,cluster name
manny machado,0.166618622,0.087345056,0.0937014,0.076205288,0.220839813,0.304043546,0.263608087,0.025272162,2,Power-Hitter
paul goldschmidt,0.228978761,0.142566191,0.116486613,0.085486144,0.244246125,0.294504462,0.216533584,0.025364021,2,Power-Hitter
mookie betts,0.12675644,0.102459016,0.076070336,0.068425076,0.248853211,0.281727829,0.284021407,0.023318043,2,Power-Hitter
carlos santana,0.152392203,0.151506202,0.082408198,0.061912895,0.215200683,0.328351836,0.27028181,0.025619129,2,Power-Hitter
charlie blackmon,0.173771462,0.074896388,0.068008048,0.061569416,0.272837022,0.288531187,0.241448692,0.039839034,1,Table-Setter
nolan arenado,0.158175355,0.088566351,0.082376238,0.074455446,0.228514851,0.277623762,0.299405941,0.017425743,2,Power-Hitter
eric hosmer,0.193789191,0.085398626,0.072319202,0.048628429,0.241064007,0.447215295,0.13840399,0.029925187,1,Table-Setter
anthony rizzo,0.140167364,0.114763897,0.079545455,0.063131313,0.257575758,0.277356902,0.268097643,0.036616162,2,Power-Hitter
joey votto,0.16978852,0.171903323,0.086592179,0.074487896,0.290968343,0.269553073,0.228119181,0.032122905,2,Power-Hitter
xander bogaerts,0.171637249,0.084297018,0.053674649,0.048720066,0.250206441,0.366226259,0.237407102,0.026011561,1,Table-Setter
jose abreu,0.196406821,0.0590743,0.097222222,0.064814815,0.253787879,0.341750842,0.201599327,0.023148148,1,Table-Setter
francisco lindor,0.14025894,0.080147965,0.064992026,0.060207337,0.232854864,0.344896332,0.245614035,0.021132376,1,Table-Setter
jose altuve,0.11881804,0.076827372,0.059952978,0.051724138,0.249216301,0.343652038,0.219827586,0.042711599,1,Table-Setter
brian dozier,0.205662726,0.102986932,0.071656778,0.069831127,0.222729347,0.255591054,0.321314468,0.036513008,2,Power-Hitter
nick markakis,0.134723086,0.102053516,0.029967159,0.04679803,0.315681445,0.350985222,0.217159278,0.024630542,1,Table-Setter
kole calhoun,0.222465582,0.095744681,0.07627907,0.071627907,0.249302326,0.305116279,0.24372093,0.030232558,2,Power-Hitter
dj lemahieu,0.141506461,0.081311062,0.043230016,0.054649266,0.301794454,0.40497553,0.146411093,0.015905383,1,Table-Setter
bryce harper,0.22031746,0.167936508,0.116474292,0.068730325,0.232948583,0.288037775,0.236096537,0.029905561,2,Power-Hitter
freddy galvis,0.204784689,0.055183413,0.03337668,0.049414824,0.253142609,0.302123971,0.296488947,0.022106632,1,Table-Setter
brett gardner,0.184605557,0.104439476,0.033712984,0.049658314,0.249658314,0.353075171,0.243280182,0.032346241,1,Table-Setter
christian yelich,0.202250804,0.111575563,0.0997151,0.065527066,0.255935423,0.41025641,0.122507123,0.022792023,1,Table-Setter
kris bryant,0.236070853,0.11884058,0.103680664,0.071021255,0.22498704,0.238465526,0.305857957,0.037843442,2,Power-Hitter
jean segura,0.1354234,0.047834518,0.034939759,0.05060241,0.230120482,0.43815261,0.191164659,0.029718876,1,Table-Setter
freddie freeman,0.201814059,0.120829284,0.118305745,0.074975657,0.273612463,0.256085686,0.239045764,0.024829601,2,Power-Hitter
kyle seager,0.175040519,0.085251216,0.076820604,0.068383659,0.262877442,0.234902309,0.315719361,0.019538188,2,Power-Hitter
nelson cruz,0.232543033,0.098083793,0.154992548,0.082463984,0.205663189,0.315449578,0.202682563,0.021361153,2,Power-Hitter
mike trout,0.204353476,0.173489279,0.159677419,0.066666667,0.240322581,0.22688172,0.25,0.034946237,2,Power-Hitter
edwin encarnacion,0.197385621,0.127124183,0.112315271,0.069458128,0.214778325,0.268965517,0.286206897,0.028078818,2,Power-Hitter
marcus semien,0.192609549,0.091236102,0.05952381,0.068223443,0.235347985,0.284340659,0.298992674,0.033882784,2,Power-Hitter
evan longoria,0.19593709,0.066841415,0.082358236,0.072457246,0.229522952,0.297479748,0.280378038,0.02520252,2,Power-Hitter
nick castellanos,0.229255494,0.064939324,0.108348968,0.082082552,0.271106942,0.252345216,0.248123827,0.028611632,2,Power-Hitter
kevin pillar,0.150775322,0.039920818,0.037174721,0.054935977,0.254027261,0.31268071,0.268071045,0.041718298,1,Table-Setter
adam jones,0.172994388,0.047870584,0.070077386,0.052880482,0.246345658,0.330180567,0.250214961,0.032674119,1,Table-Setter
cesar hernandez,0.185393258,0.101454065,0.026635514,0.030841121,0.265420561,0.39953271,0.191588785,0.03411215,1,Table-Setter
matt carpenter,0.222038385,0.144275314,0.100478469,0.089845827,0.256246677,0.185007974,0.301435407,0.023391813,2,Power-Hitter
george springer,0.211,0.111,0.10367388,0.065425264,0.219426271,0.349773528,0.201811777,0.03975843,2,Power-Hitter
elvis andrus,0.137274549,0.064462258,0.029907329,0.040438079,0.255265375,0.393850042,0.226621735,0.026958719,1,Table-Setter
albert pujols,0.124749164,0.069230769,0.069728601,0.063048017,0.234237996,0.328183716,0.264718163,0.020876827,1,Table-Setter
starlin castro,0.179959786,0.048257373,0.055506993,0.047202797,0.248688811,0.385052448,0.210227273,0.037587413,1,Table-Setter
j.d. martinez,0.241832267,0.099696868,0.155830753,0.078431373,0.243550052,0.271413829,0.201754386,0.026831785,2,Power-Hitter
marcell ozuna,0.200473293,0.080121704,0.089319471,0.06710775,0.241020794,0.333648393,0.219281664,0.030245747,2,Power-Hitter
andrew mccutchen,0.200406229,0.127962085,0.083504098,0.075307377,0.25102459,0.292008197,0.250512295,0.03022541,2,Power-Hitter
lorenzo cain,0.164730007,0.08304853,0.041532072,0.047531149,0.281495155,0.389478542,0.199353946,0.028149515,1,Table-Setter
eugenio suarez,0.248547009,0.097777778,0.086004274,0.05982906,0.246260684,0.28258547,0.273504274,0.031517094,2,Power-Hitter
brandon crawford,0.201513067,0.082874828,0.05842259,0.066212269,0.252677702,0.352969815,0.214216164,0.022882181,1,Table-Setter
todd frazier,0.222414389,0.096506399,0.087363495,0.061362454,0.213728549,0.261570463,0.327613105,0.027041082,2,Power-Hitter
khris davis,0.278296989,0.091727241,0.154189944,0.070391061,0.194413408,0.29273743,0.246368715,0.02122905,2,Power-Hitter
rougned odor,0.237364936,0.058905542,0.078401619,0.072331816,0.208902377,0.303490137,0.274658574,0.025796662,2,Power-Hitter
jose ramirez,0.11336599,0.100069979,0.051121076,0.06367713,0.244394619,0.287443946,0.302690583,0.022421525,2,Power-Hitter
anthony rendon,0.153333333,0.112280702,0.08260447,0.074829932,0.260447036,0.255102041,0.294460641,0.016034985,2,Power-Hitter
shin-soo choo,0.229461756,0.123229462,0.090909091,0.073969509,0.255787691,0.35460192,0.168266516,0.030491248,2,Power-Hitter
jason kipnis,0.186211798,0.087064677,0.052996533,0.067855374,0.258048539,0.288261516,0.268945022,0.028231798,2,Power-Hitter
robinson cano,0.145299145,0.06980057,0.072018349,0.060091743,0.266513761,0.36559633,0.193577982,0.026605505,1,Table-Setter
ian desmond,0.250358166,0.071633238,0.071009076,0.045915643,0.22263748,0.444741057,0.170848905,0.023491725,1,Table-Setter
josh donaldson,0.205385996,0.13967684,0.131813126,0.065072303,0.214682981,0.300889878,0.240266963,0.022246941,2,Power-Hitter
ian kinsler,0.143421999,0.072609633,0.033937703,0.052533705,0.265922827,0.253835425,0.336587634,0.037192004,1,Table-Setter
asdrubal cabrera,0.186256781,0.080289331,0.057797708,0.069257598,0.253114101,0.288490284,0.285500747,0.020926756,2,Power-Hitter
jason heyward,0.152118798,0.094530967,0.035939777,0.045167557,0.254978145,0.392423507,0.212238951,0.029140359,1,Table-Setter
justin upton,0.280727273,0.104727273,0.123501199,0.064148681,0.227218225,0.275179856,0.257194245,0.036570743,2,Power-Hitter
ender inciarte,0.126319621,0.070986531,0.010059442,0.030178326,0.260173754,0.374028349,0.238683128,0.039323274,1,Table-Setter
andrelton simmons,0.085495068,0.063207892,0.021626298,0.040224913,0.257785467,0.413062284,0.206747405,0.03416955,1,Table-Setter
brandon belt,0.231528895,0.130943672,0.1027278,0.080092861,0.260011608,0.178177597,0.307603018,0.038305281,2,Power-Hitter
chris davis,0.348701061,0.114526162,0.138386648,0.083449235,0.233657858,0.255910987,0.242002782,0.022253129,2,Power-Hitter
j.t. realmuto,0.185267035,0.059668508,0.064452157,0.056519584,0.25384234,0.347050074,0.239960337,0.024789291,1,Table-Setter
dee gordon,0.140636566,0.035159141,0.003629764,0.015880218,0.244101633,0.439201452,0.171960073,0.047186933,1,Table-Setter
buster posey,0.114899926,0.09636768,0.053630755,0.063597532,0.273849075,0.336971998,0.22021832,0.027052682,1,Table-Setter
starling marte,0.183067211,0.048273301,0.068397404,0.055416875,0.230654019,0.370444333,0.180229656,0.052920619,1,Table-Setter
melky cabrera,0.116104869,0.059925094,0.02600365,0.040145985,0.295164234,0.371350365,0.226733577,0.016423358,1,Table-Setter
alex gordon,0.220973783,0.092509363,0.060554612,0.063950198,0.252405207,0.316921336,0.243916242,0.043010753,2,Power-Hitter
didi gregorius,0.135063958,0.053423627,0.034774436,0.040413534,0.243421053,0.306860902,0.312969925,0.031484962,1,Table-Setter
eduardo escobar,0.19306184,0.069381599,0.068041237,0.059793814,0.237113402,0.269072165,0.318556701,0.031443299,2,Power-Hitter
dexter fowler,0.225757576,0.128030303,0.055522388,0.054925373,0.260895522,0.31761194,0.252537313,0.032835821,2,Power-Hitter
yadier molina,0.122652357,0.057876581,0.042100284,0.057237465,0.271050142,0.319299905,0.257805109,0.032639546,1,Table-Setter
curtis granderson,0.233128834,0.126917178,0.080389769,0.073081608,0.24725944,0.235079172,0.316686967,0.02862363,2,Power-Hitter
jonathan schoop,0.225843558,0.039877301,0.069755059,0.050053248,0.243343983,0.326943557,0.242811502,0.049520767,1,Table-Setter
eddie rosario,0.194305502,0.043863024,0.07330637,0.065217391,0.218907988,0.299292214,0.291203236,0.028816987,2,Power-Hitter
josh reddick,0.129330254,0.083140878,0.03942829,0.041399704,0.274519468,0.282405126,0.310990636,0.023656974,1,Table-Setter
justin turner,0.145792943,0.093447073,0.080253432,0.066525871,0.281942978,0.241288279,0.297782471,0.017423442,2,Power-Hitter
jay bruce,0.222440173,0.085916046,0.096296296,0.083190883,0.229059829,0.244444444,0.298005698,0.022792023,2,Power-Hitter
mike moustakas,0.150943396,0.073899371,0.084920226,0.057128152,0.224395265,0.276891405,0.300051467,0.031909418,2,Power-Hitter
daniel murphy,0.112509835,0.066876475,0.05270793,0.063346228,0.287717602,0.280464217,0.277079304,0.020793037,1,Table-Setter
kendrys morales,0.187623177,0.088687426,0.100055279,0.075732449,0.268656716,0.322277501,0.194582642,0.018242123,2,Power-Hitter
jackie bradley jr.,0.247829519,0.094711918,0.08636644,0.066008637,0.220851326,0.357186922,0.223935842,0.024676126,2,Power-Hitter
avisail garcia,0.234782609,0.060869565,0.087428571,0.063428571,0.244571429,0.371428571,0.176571429,0.04,1,Table-Setter
adam eaton,0.171677215,0.09414557,0.03327787,0.048807543,0.266777593,0.368829728,0.205213533,0.019412091,1,Table-Setter
yasmani grandal,0.238966203,0.13916501,0.104381443,0.076675258,0.204252577,0.31443299,0.246134021,0.027706186,2,Power-Hitter
ryan braun,0.190684713,0.082006369,0.09621802,0.062847608,0.224694105,0.413793103,0.162958843,0.023359288,1,Table-Setter
alcides escobar,0.138578275,0.038738019,0.016176471,0.030882353,0.246078431,0.365686275,0.257843137,0.035294118,1,Table-Setter
odubel herrera,0.218298555,0.068619583,0.04625928,0.049114792,0.25128498,0.355796688,0.226727584,0.032552827,1,Table-Setter
maikel franco,0.151551794,0.069326884,0.063995838,0.054110302,0.219042664,0.370447451,0.250260146,0.028095734,1,Table-Setter
jonathan villar,0.262540453,0.089401294,0.059119497,0.048427673,0.231446541,0.418238994,0.166666667,0.03081761,1,Table-Setter
billy hamilton,0.211726384,0.075732899,0.004006869,0.008013738,0.249570693,0.339439038,0.274756726,0.039496279,1,Table-Setter
jose iglesias,0.112653061,0.046122449,0.011793612,0.018181818,0.254545455,0.418181818,0.209336609,0.056511057,1,Table-Setter
carlos gonzalez,0.223404255,0.083060556,0.079928952,0.056838366,0.214328005,0.377738307,0.211367673,0.035523979,1,Table-Setter
miguel cabrera,0.182680412,0.113814433,0.107501477,0.085056113,0.277613703,0.297105729,0.195510927,0.018901359,2,Power-Hitter
marwin gonzalez,0.212985939,0.070719603,0.058513751,0.059684026,0.255119953,0.321825629,0.232884728,0.025160913,1,Table-Setter
joe panik,0.091135046,0.084092792,0.028426396,0.045177665,0.256852792,0.344162437,0.261928934,0.028426396,1,Table-Setter
wil myers,0.272501037,0.102032352,0.08355615,0.074197861,0.23328877,0.323529412,0.22526738,0.038770053,2,Power-Hitter
whit merrifield,0.166389351,0.0640599,0.044189853,0.063284233,0.284233497,0.284779051,0.273867976,0.024549918,1,Table-Setter
logan forsythe,0.22046589,0.106073211,0.043505675,0.074401009,0.268600252,0.307061791,0.267969735,0.02332913,2,Power-Hitter
justin smoak,0.245,0.126666667,0.120562626,0.075016745,0.234427328,0.258539853,0.272605492,0.026121902,2,Power-Hitter
mitch moreland,0.220268007,0.087102178,0.110294118,0.068627451,0.241421569,0.316176471,0.224264706,0.026960784,2,Power-Hitter
joe mauer,0.157010915,0.110411419,0.047180667,0.070771001,0.300920598,0.399884925,0.132336018,0.025316456,1,Table-Setter
yonder alonso,0.183164129,0.103637902,0.066229117,0.061455847,0.26372315,0.303699284,0.254176611,0.028639618,2,Power-Hitter
carlos correa,0.209568163,0.108382727,0.087609512,0.067584481,0.251564456,0.33979975,0.200250313,0.036921151,2,Power-Hitter
randal grichuk,0.283474576,0.058474576,0.124755062,0.069888961,0.20182887,0.273024167,0.284128021,0.024167211,2,Power-Hitter
ben zobrist,0.124257846,0.122985581,0.036827195,0.04815864,0.257223796,0.390368272,0.222096317,0.016997167,1,Table-Setter
matt kemp,0.227600849,0.059023355,0.097488038,0.071172249,0.252392344,0.301435407,0.23145933,0.026315789,2,Power-Hitter
gregory polanco,0.198129252,0.088435374,0.060660661,0.061261261,0.238438438,0.314114114,0.277477477,0.022822823,2,Power-Hitter
joc pederson,0.240922683,0.121315677,0.103851444,0.067400275,0.199449794,0.312242091,0.270288858,0.022696011,2,Power-Hitter
kolten wong,0.149508757,0.080734729,0.028752156,0.037377803,0.253018976,0.348476136,0.243243243,0.033352501,1,Table-Setter
yolmer sanchez,0.209511568,0.06512425,0.023952096,0.040718563,0.262874251,0.371257485,0.239520958,0.023353293,1,Table-Setter
david peralta,0.196197061,0.076923077,0.061445783,0.061445783,0.247590361,0.401807229,0.18253012,0.028313253,1,Table-Setter
yasiel puig,0.199652778,0.084201389,0.089570552,0.049079755,0.214110429,0.337423313,0.252147239,0.036809816,2,Power-Hitter
stephen piscotty,0.205729167,0.084201389,0.084893883,0.06803995,0.234706617,0.322721598,0.224719101,0.035580524,2,Power-Hitter
neil walker,0.190122378,0.098339161,0.057835821,0.073383085,0.263681592,0.28420398,0.279850746,0.027985075,2,Power-Hitter
trevor story,0.290534619,0.082822086,0.112136267,0.075940383,0.244854507,0.230660043,0.295244855,0.024130589,2,Power-Hitter
michael brantley,0.102103418,0.084574934,0.041870582,0.052746058,0.292006525,0.340946166,0.223491028,0.025013594,1,Table-Setter
c.j. cron,0.221394125,0.056554143,0.109649123,0.05764411,0.233082707,0.296992481,0.243107769,0.042606516,2,Power-Hitter
jordy mercer,0.17025011,0.076349276,0.034137728,0.048852266,0.271924662,0.342554444,0.230135374,0.039434962,1,Table-Setter
michael conforto,0.242063492,0.122574956,0.108510638,0.073049645,0.229787234,0.273758865,0.259574468,0.036879433,2,Power-Hitter
jose bautista,0.216049383,0.153439153,0.090909091,0.0703125,0.214488636,0.266335227,0.3125,0.029119318,2,Power-Hitter
giancarlo stanton,0.280460789,0.11120957,0.174685418,0.071798668,0.19022946,0.303478905,0.213915618,0.034789045,2,Power-Hitter
javier baez,0.266934046,0.047237077,0.101182654,0.055847569,0.214848883,0.3521682,0.203022339,0.03088042,2,Power-Hitter
travis shaw,0.234270415,0.1048639,0.082650273,0.06420765,0.232240437,0.278005464,0.301229508,0.027322404,2,Power-Hitter
alex bregman,0.141644325,0.127345845,0.057835821,0.077114428,0.250621891,0.263681592,0.314054726,0.021766169,2,Power-Hitter
max kepler,0.181695828,0.098698968,0.060050569,0.069532238,0.215549937,0.312262958,0.297724399,0.029709229,2,Power-Hitter
corey dickerson,0.215024741,0.051731894,0.083384805,0.056207536,0.247683755,0.287831995,0.275478691,0.032736257,2,Power-Hitter
jonathan lucroy,0.148964896,0.083258326,0.039145907,0.048042705,0.276393832,0.351720047,0.231909846,0.03024911,1,Table-Setter
kevin kiermaier,0.208840776,0.065854759,0.042956412,0.039797852,0.240050537,0.383449147,0.229943146,0.037902716,1,Table-Setter
addison russell,0.240506329,0.084086799,0.058503401,0.043537415,0.246258503,0.328571429,0.270748299,0.029931973,1,Table-Setter
scooter gennett,0.209333937,0.056184866,0.044264339,0.044264339,0.259975062,0.323566085,0.266209476,0.036783042,1,Table-Setter
mark trumbo,0.246370236,0.070326679,0.107333333,0.058,0.224666667,0.326,0.250666667,0.016,2,Power-Hitter
wilson ramos,0.166590598,0.064810589,0.065671642,0.068059701,0.231044776,0.434029851,0.145671642,0.032238806,1,Table-Setter
nomar mazara,0.211512106,0.074006396,0.079663212,0.064119171,0.216968912,0.382772021,0.210492228,0.03626943,1,Table-Setter
ketel marte,0.151194853,0.081801471,0.045810729,0.047619048,0.24954792,0.385774563,0.210970464,0.029535865,1,Table-Setter
tim anderson,0.248496067,0.03285516,0.051232166,0.049286641,0.265888457,0.370946822,0.193904021,0.04150454,1,Table-Setter
salvador perez,0.188608777,0.032212885,0.078706528,0.064063453,0.237949969,0.279438682,0.292861501,0.026235509,2,Power-Hitter
gerardo parra,0.171107994,0.050490884,0.03343465,0.060182371,0.258358663,0.376899696,0.206079027,0.028571429,1,Table-Setter
nick ahmed,0.187441425,0.06841612,0.041878173,0.049492386,0.237944162,0.348984772,0.251903553,0.036167513,1,Table-Setter
adrian beltre,0.13104744,0.076092062,0.065907729,0.067106052,0.259436788,0.315158778,0.257040144,0.024565608,1,Table-Setter
trea turner,0.186440678,0.075329567,0.061093248,0.055305466,0.243729904,0.371061093,0.216720257,0.019935691,1,Table-Setter
james mccann,0.254948162,0.057021678,0.068845619,0.051460362,0.278859527,0.315020862,0.236439499,0.028511822,1,Table-Setter
tommy pham,0.233175355,0.122274882,0.096556886,0.060628743,0.245508982,0.386227545,0.158682635,0.035928144,2,Power-Hitter
yangervis solarte,0.127014218,0.064454976,0.034973325,0.044457617,0.250148192,0.335506817,0.28097214,0.032602253,1,Table-Setter
jake lamb,0.251080173,0.117618819,0.088597843,0.067026194,0.241140216,0.340523883,0.219568567,0.024653313,2,Power-Hitter
corey seager,0.192363461,0.091831803,0.081855389,0.072305593,0.265347885,0.326057299,0.216234652,0.021828104,2,Power-Hitter
andrew benintendi,0.186647173,0.102339181,0.064449064,0.055440055,0.275814276,0.284130284,0.275121275,0.028413028,2,Power-Hitter
miguel sano,0.362749878,0.120429059,0.165556613,0.074215033,0.195052331,0.258801142,0.254995243,0.025689819,2,Power-Hitter
cameron maybin,0.201073694,0.09760859,0.039888034,0.040587824,0.250524843,0.435969209,0.174247726,0.031490553,1,Table-Setter
victor martinez,0.124631992,0.073110893,0.057513915,0.069264069,0.275200989,0.288188002,0.267779839,0.029684601,1,Table-Setter
josh harrison,0.163225172,0.043756146,0.026734564,0.063017187,0.260980267,0.292170592,0.288987906,0.033736474,1,Table-Setter
derek dietrich,0.227992087,0.073194857,0.075572519,0.060305344,0.227480916,0.301526718,0.26870229,0.048091603,2,Power-Hitter
russell martin,0.238545817,0.125996016,0.07605178,0.059061489,0.222491909,0.384304207,0.209546926,0.027508091,2,Power-Hitter
tucker barnhart,0.181727409,0.100349476,0.02452698,0.048353189,0.288016819,0.348283111,0.222144359,0.025928521,1,Table-Setter
aj pollock,0.172118772,0.073980876,0.070508475,0.058305085,0.242033898,0.352542373,0.22440678,0.029830508,1,Table-Setter
josh bell,0.181910569,0.120934959,0.084187408,0.061493411,0.223279649,0.355783309,0.222547584,0.03147877,2,Power-Hitter
eduardo nunez,0.135808749,0.040183113,0.029832194,0.034804226,0.225605966,0.425730267,0.223741454,0.031696706,1,Table-Setter
jed lowrie,0.17302799,0.104834606,0.042553191,0.073049645,0.283687943,0.254609929,0.314893617,0.016312057,2,Power-Hitter
david freese,0.245033113,0.092205807,0.082670906,0.061208267,0.256756757,0.419713831,0.123211447,0.029411765,1,Table-Setter
brian mccann,0.177221655,0.099080695,0.053468208,0.067196532,0.238439306,0.26734104,0.320086705,0.021676301,2,Power-Hitter
denard span,0.129411765,0.086445013,0.028966425,0.030283081,0.285714286,0.366688611,0.210664911,0.038183015,1,Table-Setter
aaron hicks,0.197125257,0.121149897,0.065151515,0.060606061,0.225757576,0.332575758,0.261363636,0.022727273,2,Power-Hitter
ryan zimmerman,0.20709147,0.078622816,0.102322206,0.078374456,0.222060958,0.359216255,0.201015965,0.021770682,2,Power-Hitter
delino deshields,0.23088843,0.099690083,0.017940718,0.039781591,0.216848674,0.350234009,0.244149766,0.03276131,1,Table-Setter
adeiny hechavarria,0.167355372,0.051136364,0.021912351,0.048472776,0.262284197,0.370517928,0.235723772,0.024568393,1,Table-Setter
brad miller,0.252462416,0.100570244,0.079032258,0.060483871,0.225806452,0.340322581,0.240322581,0.030645161,2,Power-Hitter
wilmer flores,0.123893805,0.053617907,0.037772087,0.051856594,0.249039693,0.280409731,0.324583867,0.035211268,1,Table-Setter
trey mancini,0.229123173,0.073068894,0.107902736,0.058510638,0.228723404,0.392097264,0.160334347,0.037234043,1,Table-Setter
chris owings,0.246726035,0.052907281,0.036953243,0.04826546,0.259426848,0.340120664,0.243589744,0.020361991,1,Table-Setter
logan morrison,0.214472994,0.105925537,0.095686275,0.069803922,0.210196078,0.283137255,0.283137255,0.030588235,2,Power-Hitter
howie kendrick,0.170347003,0.068874869,0.067085954,0.058001398,0.271837876,0.426974144,0.130677848,0.029350105,1,Table-Setter
yuli gurriel,0.107104984,0.046129374,0.029784537,0.054499366,0.269328264,0.34157161,0.273130545,0.021546261,1,Table-Setter
jose peraza,0.126259947,0.039787798,0.016850292,0.032404407,0.272197019,0.317563189,0.284510693,0.0382372,1,Table-Setter
kyle schwarber,0.27866242,0.129511677,0.138181818,0.065454545,0.202727273,0.280909091,0.258181818,0.03,2,Power-Hitter
adam duvall,0.27388535,0.069002123,0.106435644,0.070132013,0.20709571,0.225247525,0.341584158,0.03630363,2,Power-Hitter
jedd gyorko,0.217553191,0.087234043,0.077041602,0.055469954,0.23651772,0.302773498,0.273497689,0.033127889,2,Power-Hitter
evan gattis,0.211282597,0.065992549,0.07743857,0.061801936,0.214445272,0.309754281,0.291139241,0.035740879,2,Power-Hitter
justin bour,0.229244778,0.111944296,0.100490196,0.06127451,0.215686275,0.35620915,0.212418301,0.034313725,2,Power-Hitter
mark reynolds,0.283950617,0.107890499,0.078571429,0.06875,0.220535714,0.313392857,0.264285714,0.041071429,2,Power-Hitter
jorge polanco,0.162640902,0.077831455,0.042735043,0.054843305,0.268518519,0.255698006,0.310541311,0.030626781,1,Table-Setter
carlos gomez,0.26677402,0.068706388,0.065088757,0.054945055,0.241758242,0.287404903,0.270498732,0.027049873,2,Power-Hitter
kurt suzuki,0.121097955,0.057050592,0.038435604,0.050573163,0.264329063,0.273095078,0.313553608,0.035064059,1,Table-Setter
hanley ramirez,0.193530997,0.083018868,0.090702948,0.065759637,0.215419501,0.358276644,0.214663643,0.034769463,2,Power-Hitter
robbie grossman,0.195557963,0.133261105,0.030056864,0.0528026,0.279447604,0.316003249,0.275385865,0.021933387,1,Table-Setter
cody bellinger,0.220108696,0.123913043,0.1125,0.0725,0.229166667,0.251666667,0.285,0.025,2,Power-Hitter
yan gomes,0.259704757,0.061235648,0.066831683,0.073432343,0.23679868,0.267326733,0.306930693,0.034653465,2,Power-Hitter
martin prado,0.128767123,0.063013699,0.016382253,0.03890785,0.300341297,0.388395904,0.220477816,0.019112628,1,Table-Setter
jon jay,0.175371083,0.063771303,0.012743628,0.030734633,0.308095952,0.40029985,0.167166417,0.038230885,1,Table-Setter
domingo santana,0.315354981,0.107319758,0.109602328,0.06013579,0.272550921,0.332686712,0.169738118,0.03685742,2,Power-Hitter
steven souza jr.,0.31239484,0.106001122,0.102261554,0.053097345,0.225172075,0.304818092,0.236971485,0.046214356,2,Power-Hitter
dansby swanson,0.225479143,0.094137542,0.058333333,0.048333333,0.26,0.319166667,0.261666667,0.0325,1,Table-Setter
francisco cervelli,0.201016375,0.111801242,0.046728972,0.072217502,0.254035684,0.363636364,0.202209006,0.033984707,1,Table-Setter
hunter pence,0.210972851,0.076923077,0.073365231,0.062200957,0.196172249,0.424242424,0.193779904,0.026315789,1,Table-Setter
martin maldonado,0.241183163,0.068828214,0.057216055,0.046968403,0.217762596,0.332194705,0.260461144,0.037574722,1,Table-Setter
chris taylor,0.274386766,0.0867085,0.06884058,0.078804348,0.264492754,0.277173913,0.234601449,0.039855072,2,Power-Hitter
tim beckham,0.28973035,0.063683305,0.075539568,0.06205036,0.238309353,0.348021583,0.206834532,0.040467626,2,Power-Hitter
hernan perez,0.212068966,0.040804598,0.036181678,0.051578137,0.246343341,0.352578907,0.255581216,0.032332564,1,Table-Setter
miguel rojas,0.119006355,0.060658579,0.011428571,0.027857143,0.28,0.393571429,0.225,0.030714286,1,Table-Setter
enrique hernandez,0.211471611,0.09617613,0.064924115,0.05311973,0.240303541,0.28920742,0.298482293,0.02529511,2,Power-Hitter
aaron judge,0.316065192,0.160651921,0.205649718,0.094915254,0.227118644,0.249717514,0.186440678,0.023728814,2,Power-Hitter
adrian gonzalez,0.175510204,0.086297376,0.059856345,0.078212291,0.279329609,0.312051077,0.221867518,0.025538707,1,Table-Setter
jorge soler,0.274212369,0.102683781,0.126436782,0.074712644,0.220306513,0.300766284,0.235632184,0.027777778,2,Power-Hitter
matt duffy,0.158758055,0.069712947,0.027713626,0.043879908,0.27482679,0.408775982,0.177059276,0.031562741,1,Table-Setter
mike zunino,0.354422964,0.073227885,0.124341412,0.066385669,0.201264489,0.226554268,0.32455216,0.037934668,2,Power-Hitter
lucas duda,0.260129184,0.105695831,0.112488084,0.075309819,0.234509056,0.218303146,0.325071497,0.020019066,2,Power-Hitter
yoenis cespedes,0.212139069,0.072480849,0.107589658,0.069224354,0.239366138,0.271059216,0.266055046,0.025020851,2,Power-Hitter
danny valencia,0.220632081,0.078711986,0.076988879,0.065868263,0.24893071,0.366980325,0.199315654,0.026518392,1,Table-Setter
orlando arcia,0.204653938,0.0650358,0.036036036,0.036855037,0.236691237,0.418509419,0.21048321,0.038493038,1,Table-Setter
matt wieters,0.203003003,0.07987988,0.057432432,0.067567568,0.256756757,0.29222973,0.273648649,0.036317568,2,Power-Hitter
willson contreras,0.233173077,0.097355769,0.093087558,0.05437788,0.196313364,0.397235023,0.18156682,0.048847926,2,Power-Hitter
tyler flowers,0.2755716,0.088447653,0.08159204,0.070646766,0.245771144,0.324378109,0.237810945,0.020895522,2,Power-Hitter
michael a. taylor,0.314079422,0.068592058,0.074363992,0.048923679,0.253424658,0.324853229,0.211350294,0.035225049,2,Power-Hitter
brock holt,0.192284509,0.094635322,0.017196905,0.036973345,0.293207223,0.406706793,0.190885641,0.026655202,1,Table-Setter
jarrod dyson,0.152955515,0.086532602,0.012205045,0.013832384,0.228641172,0.384052075,0.228641172,0.052074858,1,Table-Setter
leonys martin,0.247410116,0.072516758,0.058076225,0.048094374,0.209618875,0.319419238,0.2676951,0.0353902,2,Power-Hitter
welington castillo,0.263480392,0.064338235,0.091497227,0.069316081,0.255083179,0.299445471,0.23844732,0.025878004,2,Power-Hitter
ozzie albies,0.16196319,0.06809816,0.055510861,0.068382944,0.258246179,0.270313757,0.302493966,0.027353178,2,Power-Hitter
stephen vogt,0.185731857,0.081180812,0.064135021,0.056540084,0.248101266,0.24978903,0.335021097,0.026160338,2,Power-Hitter
mark canha,0.225985222,0.08682266,0.084808947,0.054986021,0.224603914,0.313140727,0.282385834,0.027027027,2,Power-Hitter
robinson chirinos,0.278637771,0.107120743,0.096808511,0.061702128,0.212765957,0.243617021,0.308510638,0.046808511,2,Power-Hitter
matt chapman,0.238833747,0.101116625,0.108445298,0.071017274,0.212092131,0.287907869,0.293666027,0.011516315,2,Power-Hitter
jose reyes,0.142236025,0.07515528,0.020667727,0.031796502,0.23290938,0.325914149,0.310810811,0.038950715,1,Table-Setter
mallex smith,0.21717486,0.082140635,0.019004525,0.032579186,0.228959276,0.416289593,0.208144796,0.029864253,1,Table-Setter
matt joyce,0.214953271,0.142056075,0.072407045,0.063600783,0.240704501,0.296477495,0.274951076,0.02739726,2,Power-Hitter
ryon healy,0.222013759,0.046904315,0.078380706,0.062015504,0.248923342,0.312661499,0.249784668,0.024978467,2,Power-Hitter
paul dejong,0.247964934,0.074514715,0.089353612,0.073193916,0.214828897,0.244296578,0.301330798,0.048479087,2,Power-Hitter
zack cozart,0.156702329,0.086217747,0.029486099,0.054759899,0.247683235,0.289806234,0.315922494,0.037910699,1,Table-Setter
rhys hoskins,0.233988586,0.152187698,0.109341826,0.090233546,0.207006369,0.211252654,0.350318471,0.020169851,2,Power-Hitter
gary sanchez,0.251903553,0.095177665,0.148258706,0.059701493,0.212935323,0.305472637,0.24079602,0.020895522,2,Power-Hitter
adam frazier,0.134053367,0.07433291,0.023673469,0.049795918,0.291428571,0.349387755,0.232653061,0.022040816,1,Table-Setter
jace peterson,0.202668361,0.109275731,0.03538175,0.057728119,0.226256983,0.391992551,0.208566108,0.027932961,1,Table-Setter
brandon drury,0.21896881,0.059197963,0.069518717,0.056149733,0.254901961,0.364527629,0.204991087,0.034759358,1,Table-Setter
joey gallo,0.380372033,0.141757537,0.225409836,0.081967213,0.173497268,0.178961749,0.296448087,0.024590164,2,Power-Hitter
matt adams,0.256774194,0.067741935,0.108863198,0.063583815,0.229287091,0.256262042,0.290944123,0.031791908,2,Power-Hitter
chase utley,0.176701571,0.079188482,0.036297641,0.061705989,0.269509982,0.308529946,0.265880218,0.025408348,1,Table-Setter
manuel margot,0.18938401,0.068807339,0.030195382,0.060390764,0.234458259,0.34991119,0.259325044,0.031971581,1,Table-Setter
daniel descalso,0.235955056,0.124917383,0.055323591,0.058455115,0.241127349,0.306889353,0.286012526,0.032359081,2,Power-Hitter
jason castro,0.305242203,0.109489051,0.089552239,0.060849598,0.262916188,0.299655568,0.234213548,0.030998852,2,Power-Hitter
mitch haniger,0.232821881,0.095396931,0.089613035,0.063136456,0.236252546,0.299389002,0.254582485,0.036659878,2,Power-Hitter
chris iannetta,0.263545151,0.123076923,0.082222222,0.071111111,0.231111111,0.281111111,0.278888889,0.031111111,2,Power-Hitter
jake marisnick,0.305685619,0.057525084,0.061488673,0.049622438,0.207119741,0.309600863,0.270765912,0.043149946,2,Power-Hitter
jurickson profar,0.159838818,0.094694426,0.049723757,0.043278085,0.238489871,0.35174954,0.255985267,0.038674033,1,Table-Setter
rajai davis,0.215885947,0.063815343,0.027671756,0.042938931,0.238549618,0.352099237,0.261450382,0.038167939,1,Table-Setter
yoan moncada,0.313013699,0.093835616,0.106060606,0.06993007,0.248251748,0.31002331,0.244755245,0.009324009,2,Power-Hitter
aledmys diaz,0.131506849,0.070547945,0.053913043,0.055652174,0.214782609,0.357391304,0.275652174,0.023478261,1,Table-Setter
matt olson,0.251550655,0.103376981,0.133918771,0.085620198,0.226125137,0.232711306,0.279912184,0.018660812,2,Power-Hitter
hunter renfroe,0.28137931,0.071724138,0.117583603,0.048543689,0.21574973,0.258899676,0.309600863,0.0399137,2,Power-Hitter
rafael devers,0.207402235,0.072625698,0.089581305,0.076923077,0.227848101,0.335929893,0.222005842,0.022395326,2,Power-Hitter
austin jackson,0.254392129,0.073787772,0.035789474,0.047368421,0.313684211,0.348421053,0.205263158,0.015789474,1,Table-Setter
amed rosario,0.20606916,0.044460127,0.038899431,0.042694497,0.276091082,0.388045541,0.211574953,0.023719165,1,Table-Setter
nick hundley,0.234318673,0.059120404,0.055327869,0.068647541,0.25307377,0.323770492,0.24692623,0.019467213,2,Power-Hitter
scott schebler,0.234397678,0.082728592,0.090010977,0.060373216,0.217343578,0.372118551,0.20636663,0.032930845,2,Power-Hitter
byron buxton,0.298027757,0.065010957,0.056844548,0.049883991,0.219257541,0.270301624,0.314385151,0.022041763,2,Power-Hitter
ryan goins,0.219619327,0.073206442,0.02596054,0.043613707,0.226375909,0.406022845,0.224299065,0.029075805,1,Table-Setter
pablo sandoval,0.185959671,0.058999253,0.066,0.043,0.223,0.376,0.242,0.032,1,Table-Setter
travis d'arnaud,0.186887717,0.073850791,0.063917526,0.064948454,0.237113402,0.32371134,0.275257732,0.021649485,2,Power-Hitter
steve pearce,0.198490566,0.090566038,0.077173913,0.070652174,0.231521739,0.292391304,0.266304348,0.048913043,2,Power-Hitter
christian vazquez,0.185746778,0.055344958,0.036290323,0.0625,0.256048387,0.359879032,0.235887097,0.029233871,1,Table-Setter
roberto perez,0.285497342,0.112376614,0.082697201,0.06870229,0.197201018,0.381679389,0.175572519,0.034351145,2,Power-Hitter
max muncy,0.254752852,0.150570342,0.119635891,0.074122237,0.237971391,0.256176853,0.254876463,0.035110533,2,Power-Hitter
cory spangenberg,0.273764259,0.073764259,0.037780401,0.050767414,0.249114522,0.374262102,0.174734357,0.036599764,1,Table-Setter
eric thames,0.310559006,0.120341615,0.116246499,0.071428571,0.231092437,0.238095238,0.296918768,0.040616246,2,Power-Hitter
jose martinez,0.191770186,0.091614907,0.089227421,0.07508161,0.276387378,0.34820457,0.169749728,0.021762786,1,Table-Setter
brian anderson,0.210894942,0.090272374,0.070276498,0.06797235,0.261520737,0.369815668,0.200460829,0.024193548,1,Table-Setter
leury garcia,0.231308411,0.035046729,0.035714286,0.035714286,0.258658009,0.426406926,0.172077922,0.03030303,1,Table-Setter
albert almora jr.,0.170046802,0.049921997,0.032128514,0.03313253,0.245983936,0.392570281,0.215863454,0.039156627,1,Table-Setter
jesus aguilar,0.256289308,0.099056604,0.100746269,0.069651741,0.256218905,0.269900498,0.254975124,0.039800995,2,Power-Hitter
austin hedges,0.288643533,0.062302839,0.062807882,0.055418719,0.209359606,0.262315271,0.342364532,0.035714286,2,Power-Hitter
ben gamel,0.241242038,0.089968153,0.037259615,0.051682692,0.292067308,0.358173077,0.222355769,0.027644231,1,Table-Setter
eric sogard,0.137848606,0.094023904,0.012578616,0.023060797,0.295597484,0.293501048,0.309224319,0.029350105,1,Table-Setter
danny santana,0.261637239,0.043338684,0.055099648,0.053927315,0.248534584,0.359906213,0.202813599,0.025791325,1,Table-Setter
juan lagares,0.203852327,0.052969502,0.02297593,0.04595186,0.248358862,0.379649891,0.242888403,0.028446389,1,Table-Setter
devon travis,0.186345382,0.048995984,0.05514316,0.062566278,0.269353128,0.355249205,0.202545069,0.037115589,1,Table-Setter
alex avila,0.340597256,0.171912833,0.133333333,0.083333333,0.285,0.315,0.148333333,0.025,2,Power-Hitter
omar narvaez,0.177631579,0.112664474,0.029205607,0.047897196,0.299065421,0.294392523,0.269859813,0.036214953,1,Table-Setter
greg garcia,0.202635914,0.13014827,0.02278481,0.041772152,0.251898734,0.405063291,0.182278481,0.043037975,1,Table-Setter
ronald acuna jr.,0.258735441,0.100665557,0.143617021,0.08643617,0.218085106,0.275265957,0.22606383,0.042553191,2,Power-Hitter
teoscar hernandez,0.318257956,0.086264657,0.130127298,0.086280057,0.186704385,0.272984441,0.28854314,0.028288543,2,Power-Hitter
sandy leon,0.243492863,0.069689337,0.030902349,0.045735476,0.232385661,0.31025958,0.294190358,0.045735476,1,Table-Setter
jeimer candelario,0.253229974,0.106804479,0.056629834,0.052486188,0.236187845,0.312154696,0.29558011,0.037292818,2,Power-Hitter
cheslor cuthbert,0.201724138,0.064655172,0.030696576,0.054309327,0.246753247,0.351829988,0.275088548,0.022432113,1,Table-Setter
juan soto,0.200346921,0.162185603,0.112021858,0.080601093,0.244535519,0.331967213,0.18989071,0.020491803,2,Power-Hitter
aaron altherr,0.286707211,0.09556907,0.075581395,0.075581395,0.223837209,0.340116279,0.223837209,0.047965116,2,Power-Hitter
brandon guyer,0.181102362,0.064741907,0.03680203,0.043147208,0.262690355,0.305837563,0.279187817,0.034263959,1,Table-Setter
tony wolters,0.186108638,0.103294746,0.012787724,0.029411765,0.244245524,0.401534527,0.244245524,0.031969309,1,Table-Setter
gregor blanco,0.205429864,0.101357466,0.027559055,0.039370079,0.267716535,0.309711286,0.255905512,0.032808399,1,Table-Setter
guillermo heredia,0.173478656,0.080835604,0.021303258,0.028822055,0.250626566,0.360902256,0.259398496,0.041353383,1,Table-Setter
gleyber torres,0.230698529,0.082720588,0.097428958,0.056833559,0.236806495,0.265223275,0.311231394,0.01623816,2,Power-Hitter
brandon nimmo,0.268450185,0.152214022,0.06187291,0.063545151,0.272575251,0.33277592,0.224080268,0.025083612,2,Power-Hitter
caleb joseph,0.230840259,0.050784857,0.035110533,0.055916775,0.284785436,0.283485046,0.278283485,0.040312094,1,Table-Setter
chad pinder,0.264292409,0.063730084,0.11,0.067142857,0.237142857,0.314285714,0.211428571,0.032857143,2,Power-Hitter
tyler saladino,0.232142857,0.058270677,0.026845638,0.04966443,0.237583893,0.381208054,0.224161074,0.04295302,1,Table-Setter
sean rodriguez,0.308500478,0.090735435,0.078688525,0.062295082,0.208196721,0.314754098,0.245901639,0.031147541,2,Power-Hitter
adam engel,0.309455587,0.048710602,0.035384615,0.052307692,0.215384615,0.307692308,0.276923077,0.056923077,2,Power-Hitter
wilmer difo,0.190978887,0.079654511,0.022457067,0.036988111,0.244385733,0.365918098,0.22985469,0.046235139,1,Table-Setter
ian happ,0.324927255,0.120271581,0.12920354,0.054867257,0.231858407,0.299115044,0.247787611,0.026548673,2,Power-Hitter
jung ho kang,0.232490272,0.072957198,0.093841642,0.064516129,0.225806452,0.357771261,0.202346041,0.023460411,2,Power-Hitter
johan camargo,0.196498054,0.075875486,0.045822102,0.052560647,0.265498652,0.343665768,0.246630728,0.029649596,1,Table-Setter
keon broxton,0.385964912,0.104288499,0.093203883,0.060194175,0.234951456,0.347572816,0.194174757,0.029126214,2,Power-Hitter
colin moran,0.206965174,0.070646766,0.062674095,0.069637883,0.274373259,0.337047354,0.218662953,0.020891365,1,Table-Setter
hunter dozier,0.266331658,0.081407035,0.102325581,0.072868217,0.237209302,0.272868217,0.280620155,0.031007752,2,Power-Hitter
ehire adrianza,0.181268882,0.0775428,0.031944444,0.054166667,0.222222222,0.320833333,0.286111111,0.030555556,1,Table-Setter
chris young,0.217831814,0.093211753,0.047761194,0.053731343,0.229850746,0.249253731,0.350746269,0.043283582,2,Power-Hitter
scott kingery,0.277439024,0.058943089,0.065116279,0.069767442,0.258914729,0.254263566,0.286821705,0.043410853,2,Power-Hitter
niko goodrum,0.285132383,0.090631365,0.070723684,0.080592105,0.25,0.330592105,0.225328947,0.024671053,2,Power-Hitter
jacoby jones,0.318737271,0.061099796,0.079931973,0.073129252,0.241496599,0.338435374,0.215986395,0.028911565,2,Power-Hitter
joey rickard,0.226993865,0.061349693,0.026277372,0.040875912,0.254014599,0.290510949,0.302189781,0.04379562,1,Table-Setter
kevin plawecki,0.210633947,0.08997955,0.037707391,0.043740573,0.224736048,0.37254902,0.256410256,0.043740573,1,Table-Setter
travis jankowski,0.234390993,0.096212897,0.009244992,0.010785824,0.244992296,0.460708783,0.155624037,0.021571649,1,Table-Setter
gio urshela,0.181538462,0.054358974,0.05156038,0.055630936,0.275440977,0.324287653,0.255088195,0.020352782,1,Table-Setter
jorge alfaro,0.342240493,0.045220966,0.107394366,0.068661972,0.242957746,0.383802817,0.160211268,0.029929577,2,Power-Hitter
mikie mahtook,0.264248705,0.061139896,0.065934066,0.076923077,0.226059655,0.318681319,0.26844584,0.025117739,2,Power-Hitter
brian goodwin,0.280208333,0.082291667,0.074380165,0.074380165,0.241322314,0.27768595,0.274380165,0.028099174,2,Power-Hitter
david fletcher,0.102083333,0.072916667,0.002534854,0.025348542,0.315589354,0.348542459,0.257287706,0.025348542,1,Table-Setter
jose pirela,0.2,0.064583333,0.038516405,0.049928673,0.245363766,0.402282454,0.205420827,0.02853067,1,Table-Setter
manny pina,0.215481172,0.070083682,0.050822123,0.062780269,0.278026906,0.255605381,0.298953662,0.046337818,2,Power-Hitter
adalberto mondesi,0.295864263,0.04135737,0.085209003,0.041800643,0.231511254,0.329581994,0.223472669,0.01607717,1,Table-Setter
matt davidson,0.351753454,0.075451647,0.136622391,0.056925996,0.218216319,0.286527514,0.267552182,0.032258065,2,Power-Hitter
austin romine,0.219251337,0.053475936,0.044378698,0.062130178,0.24408284,0.366863905,0.215976331,0.034023669,1,Table-Setter
josh phegley,0.192719486,0.052462527,0.040520984,0.063675832,0.225759768,0.273516643,0.324167873,0.047756874,2,Power-Hitter
joey wendle,0.174946004,0.062634989,0.023222061,0.044992743,0.290275762,0.361393324,0.251088534,0.015965167,1,Table-Setter
harrison bader,0.287567568,0.088648649,0.084684685,0.064864865,0.210810811,0.295495495,0.268468468,0.041441441,2,Power-Hitter
david dahl,0.25732899,0.067318132,0.085899514,0.064829822,0.278768233,0.301458671,0.226904376,0.025931929,2,Power-Hitter
gorkys hernandez,0.229847495,0.071895425,0.047318612,0.061514196,0.238170347,0.335962145,0.227129338,0.041009464,1,Table-Setter
tommy la stella,0.11784141,0.088105727,0.037302726,0.070301291,0.278335725,0.335724534,0.241032999,0.017216643,1,Table-Setter
willy adames,0.273428886,0.084895259,0.077854671,0.064013841,0.240484429,0.363321799,0.205882353,0.024221453,2,Power-Hitter
peter bourjos,0.257743363,0.056415929,0.031198686,0.036124795,0.208538588,0.395730706,0.24137931,0.032840722,1,Table-Setter
nick williams,0.277962348,0.062015504,0.070811744,0.067357513,0.279792746,0.348877375,0.186528497,0.031088083,1,Table-Setter
jeff mathis,0.304444444,0.066666667,0.017761989,0.055062167,0.245115453,0.3339254,0.307282416,0.021314387,1,Table-Setter
renato nunez,0.242424242,0.071829405,0.098827471,0.051926298,0.22278057,0.271356784,0.318257956,0.033500838,2,Power-Hitter
tyler naquin,0.259637188,0.065759637,0.073253833,0.052810903,0.2879046,0.347529813,0.190800681,0.02044293,1,Table-Setter
andrew romine,0.216894977,0.060502283,0.012882448,0.025764895,0.259259259,0.384863124,0.207729469,0.06763285,1,Table-Setter
rene rivera,0.284897025,0.054919908,0.072310406,0.05643739,0.232804233,0.291005291,0.291005291,0.029982363,2,Power-Hitter
john hicks,0.300803674,0.056257176,0.066427289,0.071813285,0.228007181,0.317773788,0.249551167,0.044883303,2,Power-Hitter
tyler white,0.242142026,0.101280559,0.069767442,0.055456172,0.23255814,0.296958855,0.295169946,0.021466905,2,Power-Hitter
jesse winker,0.152046784,0.119298246,0.055464927,0.070146819,0.259380098,0.349102773,0.215334421,0.024469821,1,Table-Setter
ji-man choi,0.228070175,0.126315789,0.106813996,0.066298343,0.222836096,0.337016575,0.224677716,0.023941068,2,Power-Hitter
abraham almonte,0.220095694,0.08492823,0.062176166,0.056994819,0.222797927,0.393782383,0.188255613,0.025906736,1,Table-Setter
franmil reyes,0.283313325,0.085234094,0.136882129,0.077946768,0.230038023,0.338403042,0.188212928,0.019011407,2,Power-Hitter
daniel robertson,0.251504212,0.115523466,0.035785288,0.061630219,0.238568588,0.385685885,0.216699801,0.049701789,1,Table-Setter
gordon beckham,0.213592233,0.076456311,0.045217391,0.048695652,0.219130435,0.353043478,0.271304348,0.03826087,1,Table-Setter
austin barnes,0.221813725,0.12745098,0.042801556,0.040856031,0.23151751,0.375486381,0.252918288,0.035019455,1,Table-Setter
jeff mcneil,0.121472393,0.060122699,0.040561622,0.065522621,0.276131045,0.307332293,0.252730109,0.031201248,1,Table-Setter
elias diaz,0.166871166,0.067484663,0.037037037,0.051529791,0.260869565,0.375201288,0.228663446,0.035426731,1,Table-Setter
jake bauers,0.270036991,0.122071517,0.059548255,0.049281314,0.232032854,0.328542094,0.287474333,0.028747433,2,Power-Hitter
luke voit,0.271698113,0.119496855,0.140127389,0.067940552,0.23566879,0.278131635,0.222929936,0.031847134,2,Power-Hitter
shohei ohtani,0.267676768,0.088383838,0.13916501,0.071570577,0.248508946,0.361829026,0.159045726,0.015904573,2,Power-Hitter
austin meadows,0.218670077,0.081841432,0.109461967,0.072356215,0.27458256,0.256029685,0.246753247,0.029684601,2,Power-Hitter
curt casali,0.271317829,0.094315245,0.061983471,0.045454545,0.276859504,0.237603306,0.32231405,0.030991736,2,Power-Hitter
ryan mcmahon,0.299346405,0.103267974,0.077092511,0.074889868,0.262114537,0.374449339,0.169603524,0.024229075,2,Power-Hitter
a.j. ellis,0.177865613,0.117259552,0.041904762,0.060952381,0.253333333,0.314285714,0.24952381,0.032380952,1,Table-Setter
tony kemp,0.164218959,0.093457944,0.009174312,0.034862385,0.229357798,0.328440367,0.319266055,0.023853211,1,Table-Setter
mitch garver,0.233243968,0.101876676,0.100204499,0.081799591,0.210633947,0.294478528,0.27198364,0.028629857,2,Power-Hitter
hanser alberto,0.118598383,0.026954178,0.025396825,0.03015873,0.242857143,0.334920635,0.252380952,0.06031746,1,Table-Setter
jefry marte,0.214285714,0.071428571,0.062868369,0.04518664,0.21021611,0.388998035,0.241650295,0.035363458,1,Table-Setter
ryan flaherty,0.258287293,0.089779006,0.0472103,0.055793991,0.188841202,0.442060086,0.203862661,0.027896996,1,Table-Setter
ronald guzman,0.28769018,0.089903181,0.075,0.068181818,0.261363636,0.284090909,0.238636364,0.065909091,2,Power-Hitter
jt riddle,0.221448468,0.051532033,0.051923077,0.030769231,0.240384615,0.382692308,0.225,0.046153846,1,Table-Setter
chris herrmann,0.280726257,0.099162011,0.07239819,0.085972851,0.214932127,0.319004525,0.235294118,0.036199095,2,Power-Hitter
jorge bonifacio,0.274894811,0.091164095,0.084821429,0.0625,0.267857143,0.270089286,0.258928571,0.037946429,2,Power-Hitter
victor robles,0.222535211,0.054929577,0.049586777,0.055785124,0.20661157,0.274793388,0.287190083,0.066115702,2,Power-Hitter
lewis brinson,0.297602257,0.052186178,0.069042316,0.062360802,0.207126949,0.414253898,0.211581292,0.022271715,1,Table-Setter
kevan smith,0.151129944,0.049435028,0.045126354,0.041516245,0.267148014,0.444043321,0.155234657,0.032490975,1,Table-Setter
daniel vogelbach,0.269886364,0.154829545,0.104738155,0.069825436,0.224438903,0.259351621,0.306733167,0.032418953,2,Power-Hitter
greg bird,0.27,0.105714286,0.10955711,0.111888112,0.174825175,0.24009324,0.328671329,0.018648019,2,Power-Hitter
blake swihart,0.272988506,0.074712644,0.039823009,0.046460177,0.256637168,0.334070796,0.261061947,0.026548673,1,Table-Setter
pete alonso,0.264069264,0.103896104,0.158273381,0.069544365,0.189448441,0.302158273,0.237410072,0.035971223,2,Power-Hitter
kelby tomlinson,0.202328967,0.084425036,0.004115226,0.022633745,0.279835391,0.417695473,0.160493827,0.049382716,1,Table-Setter
raimel tapia,0.224489796,0.048104956,0.030181087,0.030181087,0.261569416,0.386317907,0.229376258,0.036217304,1,Table-Setter
christian walker,0.272327965,0.108345534,0.1352657,0.065217391,0.229468599,0.297101449,0.239130435,0.028985507,2,Power-Hitter
miguel andujar,0.162895928,0.040723982,0.061068702,0.061068702,0.240458015,0.345419847,0.253816794,0.02480916,1,Table-Setter
drew butera,0.236006051,0.068078669,0.017582418,0.041758242,0.257142857,0.246153846,0.358241758,0.030769231,1,Table-Setter
ramon laureano,0.263318113,0.065449011,0.10046729,0.070093458,0.273364486,0.287383178,0.231308411,0.014018692,2,Power-Hitter
luke maile,0.272450533,0.060882801,0.046082949,0.066820276,0.195852535,0.359447005,0.260368664,0.046082949,2,Power-Hitter
preston tucker,0.231950845,0.062980031,0.051111111,0.062222222,0.217777778,0.353333333,0.266666667,0.024444444,2,Power-Hitter
yandy diaz,0.178018576,0.10371517,0.073593074,0.08008658,0.251082251,0.424242424,0.145021645,0.015151515,1,Table-Setter
ryan rua,0.329721362,0.066563467,0.078125,0.044270833,0.247395833,0.328125,0.234375,0.049479167,2,Power-Hitter
j.d. davis,0.230283912,0.082018927,0.111111111,0.053240741,0.280092593,0.344907407,0.173611111,0.023148148,1,Table-Setter
ronald torreyes,0.131537242,0.038034865,0.007677543,0.021113244,0.232245681,0.408829175,0.243761996,0.055662188,1,Table-Setter
kevin newman,0.135350318,0.050955414,0.019880716,0.02584493,0.270377734,0.401590457,0.222664016,0.031809145,1,Table-Setter
jesus sucre,0.164012739,0.044585987,0.020408163,0.040816327,0.230612245,0.346938776,0.27755102,0.032653061,1,Table-Setter
alen hanson,0.232,0.0416,0.026607539,0.035476718,0.192904656,0.354767184,0.292682927,0.053215078,1,Table-Setter
jose osuna,0.176565008,0.048154093,0.052301255,0.048117155,0.253138075,0.391213389,0.223849372,0.025104603,1,Table-Setter
pedro severino,0.215088283,0.086677368,0.056338028,0.03286385,0.237089202,0.330985915,0.286384977,0.037558685,1,Table-Setter
j.p. crawford,0.228663446,0.115942029,0.032581454,0.040100251,0.248120301,0.350877193,0.278195489,0.022556391,1,Table-Setter
isiah kiner-falefa,0.17961165,0.067961165,0.008791209,0.01978022,0.27032967,0.426373626,0.213186813,0.028571429,1,Table-Setter
rio ruiz,0.223684211,0.100328947,0.039119804,0.070904645,0.244498778,0.349633252,0.24205379,0.034229829,2,Power-Hitter
lourdes gurriel jr.,0.239273927,0.047854785,0.096470588,0.08,0.24,0.301176471,0.242352941,0.025882353,2,Power-Hitter
jb shuck,0.114049587,0.076033058,0.008230453,0.022633745,0.216049383,0.440329218,0.224279835,0.049382716,1,Table-Setter
bobby wilson,0.253355705,0.060402685,0.024570025,0.049140049,0.238329238,0.331695332,0.245700246,0.063882064,1,Table-Setter
carlos asuaje,0.215017065,0.090443686,0.024752475,0.044554455,0.262376238,0.304455446,0.297029703,0.027227723,1,Table-Setter
greg allen,0.203071672,0.046075085,0.021276596,0.044917258,0.250591017,0.382978723,0.236406619,0.014184397,1,Table-Setter
tyler austin,0.368782161,0.092624357,0.16025641,0.067307692,0.182692308,0.301282051,0.243589744,0.038461538,2,Power-Hitter
andrew knapp,0.31433506,0.126079447,0.065830721,0.065830721,0.26645768,0.332288401,0.213166144,0.034482759,2,Power-Hitter
phillip ervin,0.241681261,0.073555166,0.047244094,0.047244094,0.272965879,0.275590551,0.296587927,0.047244094,1,Table-Setter
david bote,0.270318021,0.11130742,0.076696165,0.05899705,0.262536873,0.436578171,0.147492625,0.008849558,1,Table-Setter
john ryan murphy,0.288256228,0.060498221,0.074175824,0.049450549,0.228021978,0.28021978,0.31043956,0.019230769,2,Power-Hitter
nicky delmonico,0.246376812,0.097826087,0.059490085,0.059490085,0.23796034,0.305949008,0.243626062,0.079320113,2,Power-Hitter
charlie culberson,0.265938069,0.054644809,0.051630435,0.043478261,0.241847826,0.35326087,0.22826087,0.043478261,1,Table-Setter
bryan reynolds,0.221611722,0.084249084,0.067024129,0.050938338,0.324396783,0.297587131,0.201072386,0.040214477,1,Table-Setter
victor caratini,0.209174312,0.082568807,0.063829787,0.04787234,0.255319149,0.401595745,0.17287234,0.034574468,1,Table-Setter
devin mesoraco,0.2,0.097247706,0.050938338,0.050938338,0.198391421,0.319034853,0.327077748,0.042895442,2,Power-Hitter
austin slater,0.288602941,0.091911765,0.051829268,0.033536585,0.265243902,0.466463415,0.137195122,0.030487805,1,Table-Setter
anthony santander,0.211397059,0.045955882,0.067331671,0.054862843,0.236907731,0.289276808,0.314214464,0.019950125,2,Power-Hitter
brandon dixon,0.329044118,0.049632353,0.107784431,0.080838323,0.209580838,0.28742515,0.266467066,0.02994012,2,Power-Hitter
daniel palka,0.346863469,0.070110701,0.130990415,0.054313099,0.178913738,0.364217252,0.239616613,0.022364217,2,Power-Hitter
ryan o'hearn,0.266666667,0.109259259,0.101492537,0.047761194,0.208955224,0.334328358,0.280597015,0.011940299,2,Power-Hitter
jake cave,0.322160149,0.072625698,0.136942675,0.057324841,0.292993631,0.340764331,0.127388535,0.022292994,2,Power-Hitter
dominic smith,0.264650284,0.069943289,0.074712644,0.077586207,0.238505747,0.313218391,0.25862069,0.011494253,2,Power-Hitter
bryan holaday,0.177606178,0.055984556,0.030612245,0.033163265,0.25,0.318877551,0.329081633,0.012755102,1,Table-Setter
vladimir guerrero jr.,0.177042802,0.089494163,0.077333333,0.061333333,0.216,0.397333333,0.2,0.032,1,Table-Setter
victor reyes,0.215264188,0.037181996,0.023560209,0.047120419,0.316753927,0.361256545,0.178010471,0.034031414,1,Table-Setter
yairo munoz,0.211764706,0.07254902,0.030555556,0.063888889,0.230555556,0.461111111,0.177777778,0.027777778,1,Table-Setter
dixon machado,0.18019802,0.067326733,0.026595745,0.034574468,0.265957447,0.375,0.218085106,0.053191489,1,Table-Setter
eloy jimenez,0.265873016,0.05952381,0.12797619,0.071428571,0.199404762,0.369047619,0.202380952,0.023809524,2,Power-Hitter
garrett cooper,0.265873016,0.075396825,0.083076923,0.058461538,0.270769231,0.403076923,0.141538462,0.030769231,1,Table-Setter
phil gosselin,0.194444444,0.06547619,0.032432432,0.032432432,0.297297297,0.394594595,0.197297297,0.016216216,1,Table-Setter
ronny rodriguez,0.248,0.046,0.056657224,0.07082153,0.192634561,0.311614731,0.283286119,0.039660057,2,Power-Hitter
dwight smith jr,0.211693548,0.068548387,0.037142857,0.062857143,0.217142857,0.391428571,0.24,0.025714286,1,Table-Setter
carson kelly,0.199596774,0.112903226,0.068452381,0.077380952,0.223214286,0.327380952,0.24702381,0.029761905,2,Power-Hitter
tom murphy,0.344195519,0.065173116,0.111111111,0.065972222,0.239583333,0.225694444,0.322916667,0.03125,2,Power-Hitter
alex verdugo,0.137295082,0.073770492,0.054830287,0.052219321,0.268929504,0.37075718,0.187989556,0.026109661,1,Table-Setter
christin stewart,0.237704918,0.090163934,0.071875,0.06875,0.2625,0.24375,0.309375,0.034375,2,Power-Hitter
alex dickerson,0.18426501,0.080745342,0.074498567,0.083094556,0.23495702,0.283667622,0.286532951,0.031518625,2,Power-Hitter
mac williamson,0.287784679,0.089026915,0.060810811,0.054054054,0.206081081,0.405405405,0.195945946,0.054054054,1,Table-Setter
willie calhoun,0.174273859,0.064315353,0.049723757,0.055248619,0.232044199,0.320441989,0.309392265,0.024861878,1,Table-Setter
rowdy tellez,0.284232365,0.064315353,0.13029316,0.084690554,0.241042345,0.276872964,0.244299674,0.016286645,2,Power-Hitter
oscar mercado,0.174273859,0.058091286,0.04109589,0.063013699,0.273972603,0.295890411,0.268493151,0.021917808,1,Table-Setter
danny jansen,0.200417537,0.083507307,0.065671642,0.047761194,0.241791045,0.27761194,0.31641791,0.041791045,2,Power-Hitter
brandon lowe,0.317894737,0.086315789,0.144927536,0.057971014,0.221014493,0.275362319,0.268115942,0.018115942,2,Power-Hitter
bradley zimmer,0.326086957,0.073913043,0.084870849,0.062730627,0.210332103,0.328413284,0.169741697,0.062730627,2,Power-Hitter
max stassi,0.299126638,0.091703057,0.073529412,0.088235294,0.165441176,0.400735294,0.213235294,0.040441176,2,Power-Hitter
jordan luplow,0.223946785,0.10864745,0.094594595,0.050675676,0.192567568,0.317567568,0.314189189,0.02027027,2,Power-Hitter
harold ramirez,0.204035874,0.040358744,0.063444109,0.036253776,0.232628399,0.483383686,0.15407855,0.021148036,1,Table-Setter
rafael ortega,0.154195011,0.070294785,0.008797654,0.041055718,0.278592375,0.375366569,0.2228739,0.035190616,1,Table-Setter
pat valaika,0.288683603,0.053117783,0.052631579,0.038596491,0.203508772,0.256140351,0.357894737,0.045614035,2,Power-Hitter
steven duggar,0.281755196,0.060046189,0.042253521,0.059859155,0.225352113,0.362676056,0.235915493,0.038732394,1,Table-Setter
erik gonzalez,0.269141531,0.041763341,0.044217687,0.034013605,0.261904762,0.408163265,0.170068027,0.037414966,1,Table-Setter
cavan biggio,0.286046512,0.165116279,0.090128755,0.068669528,0.291845494,0.175965665,0.343347639,0.017167382,2,Power-Hitter
clint frazier,0.293706294,0.065268065,0.10701107,0.055350554,0.239852399,0.295202952,0.26199262,0.036900369,2,Power-Hitter
rosell herrera,0.199524941,0.071258907,0.02310231,0.02640264,0.234323432,0.438943894,0.227722772,0.02970297,1,Table-Setter
derek fisher,0.365155131,0.102625298,0.095454545,0.059090909,0.227272727,0.4,0.168181818,0.022727273,2,Power-Hitter
nick senzel,0.243961353,0.072463768,0.08,0.029090909,0.236363636,0.352727273,0.236363636,0.047272727,1,Table-Setter
mike yastrzemski,0.260340633,0.077858881,0.111940299,0.085820896,0.23880597,0.23880597,0.276119403,0.02238806,2,Power-Hitter
stevie wilkerson,0.302439024,0.06097561,0.031496063,0.066929134,0.228346457,0.37007874,0.255905512,0.023622047,2,Power-Hitter
billy mckinney,0.259803922,0.073529412,0.07063197,0.066914498,0.260223048,0.275092937,0.286245353,0.029739777,2,Power-Hitter
luis rengifo,0.229064039,0.098522167,0.059701493,0.041044776,0.22761194,0.376865672,0.223880597,0.026119403,1,Table-Setter
chance sisco,0.331683168,0.094059406,0.08056872,0.085308057,0.265402844,0.274881517,0.251184834,0.023696682,2,Power-Hitter
nicky lopez,0.126865672,0.044776119,0.012048193,0.009036145,0.18373494,0.524096386,0.192771084,0.03313253,1,Table-Setter